metro,utility,eiaid,sector,name,label,startdate_iso,enddate_iso,voltagecategory,phasewiring,peakkwcapacitymin,peakkwcapacitymax,peakkwhusagemin,peakkwhusagemax,has_energy_tou,has_demand_structure,has_flat_demand,fixedchargefirstmeter,fixedchargeunits,demandrateunit,is_default,uri
Columbus,Ohio Power Co,14006,Commercial,Data Center Tariff Ohio Power Rate Zone (DCT) - Primary,69dd3c8cc6b8d5269401c6ea,2026-04-10,,,,25000,,,,1,0,1,211.01,$/month,kW,False,https://apps.openei.org/IURDB/rate/view/69dd3c8cc6b8d5269401c6ea
Columbus,Ohio Power Co,14006,Commercial,Data Center Tariff Ohio Power Rate Zone (DCT) - Secondary,69dd3b38fb3032983a07bf08,2026-04-10,,,,25000,,,,1,0,1,45.71,$/month,kW,False,https://apps.openei.org/IURDB/rate/view/69dd3b38fb3032983a07bf08
Columbus,Ohio Power Co,14006,Commercial,Data Center Tariff Ohio Power Rate Zone (DCT) - Transmission,69dd3d1c3b7f6b42a805fd9c,2026-04-10,,,,25000,,,,1,0,1,6824.71,$/month,kW,False,https://apps.openei.org/IURDB/rate/view/69dd3d1c3b7f6b42a805fd9c
Austin,Austin Energy,1015,Commercial,Commercial - Primary Voltage Greater than 20 MW (Inside Austin),68b7b47d21cf9a2f810d7c9b,2025-05-01,,Primary,,20000,,,,1,0,1,2861.1,$/month,kW,False,https://apps.openei.org/IURDB/rate/view/68b7b47d21cf9a2f810d7c9b
Austin,Austin Energy,1015,Commercial,Commercial - Primary Voltage Greater than 20 MW (Outside Austin),68b7b9f7d3323036f20806ed,2025-05-01,,Primary,,20000,,,,1,0,1,2861.1,$/month,kW,False,https://apps.openei.org/IURDB/rate/view/68b7b9f7d3323036f20806ed
Austin,Austin Energy,1015,Commercial,Commercial - Primary Voltage Greater than 20 MW (Time of Use Option) Inside Austin,577ec3275457a3e6313068f0,2016-04-01,,Primary,,20000,,,,1,1,0,2500,$/month,kW,,https://apps.openei.org/IURDB/rate/view/577ec3275457a3e6313068f0
Austin,Austin Energy,1015,Commercial,Commercial - Primary Voltage Greater than 20 MW (Time of Use Option) Outside Austin,577ec51e5457a3105a3068ef,2016-04-01,,Primary,,20000,,,,1,1,0,2500,$/month,kW,,https://apps.openei.org/IURDB/rate/view/577ec51e5457a3105a3068ef
Austin,Austin Energy,1015,Industrial,High Load Factor Transmission Voltage (Demand Greater than 20 MW) Inside city,68b7bbb2be8cb9482207e4aa,2025-05-01,,Transmission,,20000,,,,1,0,1,20808,$/month,,False,https://apps.openei.org/IURDB/rate/view/68b7bbb2be8cb9482207e4aa
Austin,Austin Energy,1015,Industrial,High Load Factor Transmission Voltage (Demand Greater than 20 MW) Outside city,68b7bc8619ad20e829038910,2025-05-01,,Transmission,,20000,,,,1,0,1,20808,$/month,,False,https://apps.openei.org/IURDB/rate/view/68b7bc8619ad20e829038910
Chicago,Commonwealth Edison Co,4110,Industrial,BESH-Extra Large Load Delivery Class(Unbundled),53a876c45257a3e815e58e6f,2014-06-01,,Primary,3-Phase,10001,,,,1,0,1,1531.87,$/month,,,https://apps.openei.org/IURDB/rate/view/53a876c45257a3e815e58e6f
Chicago,Commonwealth Edison Co,4110,Industrial,BES-High Voltage Delivery Class (Primary),64c03c5d250784052f07bbc1,2023-06-01,,Primary,3-Phase,10000,,,,1,0,1,634.44,$/month,kW,False,https://apps.openei.org/IURDB/rate/view/64c03c5d250784052f07bbc1
Chicago,Commonwealth Edison Co,4110,Industrial,"BES-High Voltage Delivery Class (Primary)  69,000 Volts",67a398f360c6919a8d073020,2025-01-01,,Primary,3-Phase,10000,,,,1,0,1,1111.77,$/month,kW,False,https://apps.openei.org/IURDB/rate/view/67a398f360c6919a8d073020
Chicago,Commonwealth Edison Co,4110,Industrial,"BES-High Voltage Delivery Class (Primary) ≤ 69,000 Volts",67a38fbe5b8683a97b04520c,2025-01-01,,Primary,3-Phase,10000,,,,1,0,1,878.17,$/month,kW,False,https://apps.openei.org/IURDB/rate/view/67a38fbe5b8683a97b04520c
Chicago,Commonwealth Edison Co,4110,Industrial,BES-High Voltage Delivery Class (Secondary),64c03d033f71eeb0cc0df073,2023-06-01,,Secondary,3-Phase,10000,,,,1,0,1,634.44,$/month,,False,https://apps.openei.org/IURDB/rate/view/64c03d033f71eeb0cc0df073
Chicago,Commonwealth Edison Co,4110,Industrial,"BES-High Voltage Delivery Class (Secondary)  69,000 Volts",67a398ed60c6919a8d07301e,2025-01-01,,Secondary,3-Phase,10000,,,,1,0,1,1111.77,$/month,,False,https://apps.openei.org/IURDB/rate/view/67a398ed60c6919a8d07301e
Chicago,Commonwealth Edison Co,4110,Industrial,"BES-High Voltage Delivery Class (Secondary) ≤ 69,000 Volts",67a38fd7d7c581510e09fa38,2025-01-01,,Secondary,3-Phase,10000,,,,1,0,1,878.17,$/month,,False,https://apps.openei.org/IURDB/rate/view/67a38fd7d7c581510e09fa38
Chicago,Commonwealth Edison Co,4110,Industrial,BES-High Voltage Delivery Class (Transmission),59555cb45457a3c7618b456a,2017-06-01,,Secondary,3-Phase,10000,,,,1,0,1,484.01,$/month,kW,,https://apps.openei.org/IURDB/rate/view/59555cb45457a3c7618b456a
Chicago,Commonwealth Edison Co,4110,Industrial,RDS-High Voltage Delivery Class (Primary),64c01c36d007addda603c402,2023-06-01,,Primary,3-Phase,10000,,,,1,0,1,634.44,$/month,kW,False,https://apps.openei.org/IURDB/rate/view/64c01c36d007addda603c402
Chicago,Commonwealth Edison Co,4110,Industrial,"RDS-High Voltage Delivery Class (Primary)  69,000 Volts",67a398f060c6919a8d07301f,2025-01-01,,Primary,3-Phase,10000,,,,1,0,1,1111.77,$/month,kW,False,https://apps.openei.org/IURDB/rate/view/67a398f060c6919a8d07301f
Chicago,Commonwealth Edison Co,4110,Industrial,"RDS-High Voltage Delivery Class (Primary) ≤ 69,000 Volts",67a38fac5b8683a97b04520b,2025-01-01,,Primary,3-Phase,10000,,,,1,0,1,878.17,$/month,kW,False,https://apps.openei.org/IURDB/rate/view/67a38fac5b8683a97b04520b
Chicago,Commonwealth Edison Co,4110,Industrial,RDS-High Voltage Delivery Class (Secondary),64c01cb6250784052f07bbc0,2023-06-01,,Secondary,3-Phase,10000,,,,1,0,1,634.44,$/month,,False,https://apps.openei.org/IURDB/rate/view/64c01cb6250784052f07bbc0
Chicago,Commonwealth Edison Co,4110,Industrial,"RDS-High Voltage Delivery Class (Secondary)  69,000 Volts",67a398ea60c6919a8d07301d,2025-01-01,,Secondary,3-Phase,10000,,,,1,0,1,1111.77,$/month,,False,https://apps.openei.org/IURDB/rate/view/67a398ea60c6919a8d07301d
Chicago,Commonwealth Edison Co,4110,Industrial,"RDS-High Voltage Delivery Class (Secondary) ≤ 69,000 Volts",67a38fc9005cdfb35208bcee,2025-01-01,,Secondary,3-Phase,10000,,,,1,0,1,878.17,$/month,,False,https://apps.openei.org/IURDB/rate/view/67a38fc9005cdfb35208bcee
Chicago,Commonwealth Edison Co,4110,Industrial,RDS-High Voltage Delivery Class (Transmission),59555d0a5457a3c03a8b456a,2017-06-01,,Secondary,3-Phase,10000,,,,1,0,1,484.01,$/month,kW,,https://apps.openei.org/IURDB/rate/view/59555d0a5457a3c03a8b456a
Columbus,Ohio Power Co,14006,Industrial,General Service Primary Bundled (GS-4),59650f995457a34b4a4c9f97,2017-06-01,,Primary,,8000,,,,1,0,1,137.63,$/month,kW,,https://apps.openei.org/IURDB/rate/view/59650f995457a34b4a4c9f97
Columbus,Ohio Power Co,14006,Industrial,General Service Subtransmission Bundled (GS-4),5965118e5457a30c144c9f96,2017-06-01,,,,8000,,,,1,0,1,756.97,$/month,kW,,https://apps.openei.org/IURDB/rate/view/5965118e5457a30c144c9f96
Columbus,Ohio Power Co,14006,Industrial,General Service Transmission Bundled (GS-4),59650efb5457a302624c9f92,2017-06-01,,Transmission,,8000,,,,1,0,1,756.97,$/month,kW,,https://apps.openei.org/IURDB/rate/view/59650efb5457a302624c9f92
Austin,Austin Energy,1015,Commercial,Commercial - Primary Voltage 3 MW to 20 MW (Time of Use Option) - Inside,577ebfe65457a32f453068f0,2016-04-01,,Primary,,3000,20000,,,1,1,0,2000,$/month,kW,,https://apps.openei.org/IURDB/rate/view/577ebfe65457a32f453068f0
Austin,Austin Energy,1015,Commercial,Commercial - Primary Voltage 3 MW to 20 MW (Time of Use Option) - Outside Austin,577ec0dd5457a337603068ee,2016-04-01,,Primary,,3000,20000,,,1,1,0,2000,$/month,kW,,https://apps.openei.org/IURDB/rate/view/577ec0dd5457a337603068ee
Austin,Austin Energy,1015,Commercial,Commercial - Primary Voltage 3 MW to 20 MW - Inside,68b7b3db1cd5dc1bb40220b1,2025-05-01,,Primary,,3000,20000,,,1,0,1,2601,$/month,kW,False,https://apps.openei.org/IURDB/rate/view/68b7b3db1cd5dc1bb40220b1
Austin,Austin Energy,1015,Commercial,Commercial - Primary Voltage 3 MW to 20 MW - Outside Austin,68b7b8d71cd5dc1bb40220b2,2025-05-01,,Primary,,3000,20000,,,1,0,1,2601,$/month,kW,False,https://apps.openei.org/IURDB/rate/view/68b7b8d71cd5dc1bb40220b2
Phoenix,Arizona Public Service Co,803,Industrial,Extra Large General Service (E-34) Primary,69a70f94ae6e396355012f08,2026-02-01,,Primary,,3000,,,,1,0,1,8.833,$/day,,False,https://apps.openei.org/IURDB/rate/view/69a70f94ae6e396355012f08
Phoenix,Arizona Public Service Co,803,Industrial,Extra Large General Service (E-34) Secondary,69a70f467da20ea6b00d0239,2026-02-01,,Secondary,,3000,,,,1,0,1,5.682,$/day,,False,https://apps.openei.org/IURDB/rate/view/69a70f467da20ea6b00d0239
Phoenix,Arizona Public Service Co,803,Industrial,Extra Large General Service (E-34) Transmission,69a70fcaac5ca652b3030918,2026-02-01,,Transmission,,3000,,,,1,0,1,43.13,$/day,,False,https://apps.openei.org/IURDB/rate/view/69a70fcaac5ca652b3030918
Phoenix,Arizona Public Service Co,803,Industrial,Extra Large General Service TOU (E-35) Primary,69a70e64f0ddf5680f0728da,2026-02-01,,Primary,,3000,,,,1,1,0,8.833,$/day,kW,False,https://apps.openei.org/IURDB/rate/view/69a70e64f0ddf5680f0728da
Phoenix,Arizona Public Service Co,803,Industrial,Extra Large General Service TOU (E-35) Secondary,69a70c4cf0ddf5680f0728d9,2026-02-01,,Secondary,,3000,,,,1,1,0,5.682,$/day,kW,False,https://apps.openei.org/IURDB/rate/view/69a70c4cf0ddf5680f0728d9
Phoenix,Arizona Public Service Co,803,Industrial,Extra Large General Service TOU (E-35) Transmission,69a70e9f9e9024ec0902b34c,2026-02-01,,Transmission,,3000,,,,1,1,0,43.13,$/day,kW,False,https://apps.openei.org/IURDB/rate/view/69a70e9f9e9024ec0902b34c
Columbus,Ohio Power Co,14006,Commercial,"General Service Ohio Power Rate Zone (GS) - Transmission Over 2,000 kW",69dd331c54d2cac2040b696a,2026-04-10,,Transmission,,2000,,,,1,0,1,6824.71,$/month,kW,False,https://apps.openei.org/IURDB/rate/view/69dd331c54d2cac2040b696a
Columbus,Ohio Power Co,14006,Commercial,"General Service Ohio Power Rate Zone (GS) - Transmission Over 2,000 kW",69dd332c54d2cac2040b696b,2026-04-10,,Primary,,2000,,,,1,0,1,6826.34,$/month,kW,False,https://apps.openei.org/IURDB/rate/view/69dd332c54d2cac2040b696b
San Jose / Bay Area,Pacific Gas & Electric Co,14328,Commercial,B-20 Maximum demand of (1000 KW or more) (Primary),69de94756c6b1b3352045e3d,2026-03-27,,Secondary,,1000,,,,1,1,1,110.32836,$/day,kW,False,https://apps.openei.org/IURDB/rate/view/69de94756c6b1b3352045e3d
San Jose / Bay Area,Pacific Gas & Electric Co,14328,Commercial,B-20 Maximum demand of (1000 KW or more) (Secondary),69de9470f3508cead300dc5e,2026-03-27,,Secondary,,1000,,,,1,1,1,107.36636,$/day,kW,False,https://apps.openei.org/IURDB/rate/view/69de9470f3508cead300dc5e
San Jose / Bay Area,Pacific Gas & Electric Co,14328,Commercial,B-20 Maximum demand of (1000 KW or more) (Transmission),69de947a81bf8b311c0576af,2026-03-27,,Secondary,,1000,,,,1,1,1,331.86645,$/day,kW,False,https://apps.openei.org/IURDB/rate/view/69de947a81bf8b311c0576af
San Jose / Bay Area,Pacific Gas & Electric Co,14328,Commercial,B-20 Maximum demand of 1000KW or more Option R (Primary),69de95e32aa9e9994f0ed2bf,2026-03-27,,Primary,,1000,,,,1,1,1,110.32836,$/month,,False,https://apps.openei.org/IURDB/rate/view/69de95e32aa9e9994f0ed2bf
San Jose / Bay Area,Pacific Gas & Electric Co,14328,Commercial,B-20 Maximum demand of 1000KW or more Option R (Secondary),69de95de81bf8b311c0576b0,2026-03-27,,Secondary,,1000,,,,1,1,1,107.36636,$/day,kW,False,https://apps.openei.org/IURDB/rate/view/69de95de81bf8b311c0576b0
San Jose / Bay Area,Pacific Gas & Electric Co,14328,Commercial,B-20 Maximum demand of 1000KW or more Option R (Transmission)),69de95e8c3f455511f0635a1,2026-03-27,,Transmission,,1000,,,,1,1,1,331.86645,$/month,,False,https://apps.openei.org/IURDB/rate/view/69de95e8c3f455511f0635a1
Chicago,Commonwealth Edison Co,4110,Industrial,BES-Very Large Load Delivery Class (Primary),67a39b62f7f9d21dc80bbeab,2025-01-01,,Primary,3-Phase,1000,,,,1,0,1,1045.44,$/month,kW,False,https://apps.openei.org/IURDB/rate/view/67a39b62f7f9d21dc80bbeab
Chicago,Commonwealth Edison Co,4110,Commercial,BES-Very Large Load Delivery Class (Secondary),67a38c8af7f9d21dc80bbea6,2025-01-01,,Secondary,,1000,,,,1,0,1,154.13,$/month,,False,https://apps.openei.org/IURDB/rate/view/67a38c8af7f9d21dc80bbea6
San Jose / Bay Area,Pacific Gas & Electric Co,14328,Commercial,E-20 Maximum demand of (1000 KW or more) (Primary),69de81851e6796dd93026d2e,2026-03-27,,Primary,,1000,,,,1,1,1,106.81933,$/day,kW,False,https://apps.openei.org/IURDB/rate/view/69de81851e6796dd93026d2e
San Jose / Bay Area,Pacific Gas & Electric Co,14328,Commercial,E-20 Maximum demand of (1000 KW or more) (Secondary),69de817e6a1594eddb0e414d,2026-03-27,,Secondary,,1000,,,,1,1,1,104.44159,$/day,kW,False,https://apps.openei.org/IURDB/rate/view/69de817e6a1594eddb0e414d
San Jose / Bay Area,Pacific Gas & Electric Co,14328,Commercial,E-20 Maximum demand of (1000 KW or more) (Transmission),69de818ba6e15ebd62035b3b,2026-03-27,,Transmission,,1000,,,,1,1,1,297.51495,$/day,kW,False,https://apps.openei.org/IURDB/rate/view/69de818ba6e15ebd62035b3b
San Jose / Bay Area,Pacific Gas & Electric Co,14328,Commercial,E-20 Maximum demand of 1000KW or more Option R (Primary),69de825eedea9919e60bad8f,2026-03-27,,Primary,,1000,,,,1,1,1,106.81933,$/day,kW,False,https://apps.openei.org/IURDB/rate/view/69de825eedea9919e60bad8f
San Jose / Bay Area,Pacific Gas & Electric Co,14328,Commercial,E-20 Maximum demand of 1000KW or more Option R (Secondary),69de8259c6b8d5269401c6ed,2026-03-27,,Secondary,,1000,,,,1,1,1,104.44159,$/day,kW,False,https://apps.openei.org/IURDB/rate/view/69de8259c6b8d5269401c6ed
San Jose / Bay Area,Pacific Gas & Electric Co,14328,Commercial,E-20 Maximum demand of 1000KW or more Option R (Transmission),69de826508c252b4010e1d40,2026-03-27,,Transmission,,1000,,,,1,0,1,297.51495,$/day,,False,https://apps.openei.org/IURDB/rate/view/69de826508c252b4010e1d40
Dallas-Fort Worth,Oncor Electric Delivery Company LLC,44372,Industrial,Large Non-Residential LSP POLR,539fc29cec4f024c27d8b399,2014-05-01,,Secondary,3-Phase,1000,,,,1,0,1,2929.92,$/month,kW,,https://apps.openei.org/IURDB/rate/view/539fc29cec4f024c27d8b399
Chicago,Commonwealth Edison Co,4110,Industrial,RDS-Very Large Load Delivery Class (Primary),67a39b559598b903c0055c02,2025-01-01,,Primary,3-Phase,1000,,,,1,0,1,1045.44,$/month,kW,False,https://apps.openei.org/IURDB/rate/view/67a39b559598b903c0055c02
Chicago,Commonwealth Edison Co,4110,Commercial,RDS-Very Large Load Delivery Class (Secondary),64bff16e3f71eeb0cc0df06f,2023-06-01,,Secondary,,1000,,,,1,0,1,717.7,$/month,,False,https://apps.openei.org/IURDB/rate/view/64bff16e3f71eeb0cc0df06f
Chicago,Commonwealth Edison Co,4110,Commercial,RDS-Very Large Load Delivery Class (Secondary),67a38c76820ecb5224036aea,2025-01-01,,Secondary,,1000,,,,1,0,1,154.13,$/month,,False,https://apps.openei.org/IURDB/rate/view/67a38c76820ecb5224036aea
Atlanta,Georgia Power Co,7140,Industrial,SCHEDULE MLM-10 MULTIPLE LOAD MANAGEMENT - Secondary Distribution,5ae3b2265457a358029b4e72,2018-04-01,,Secondary,3-Phase,1000,,,,1,1,0,85,$/month,kW,,https://apps.openei.org/IURDB/rate/view/5ae3b2265457a358029b4e72
Atlanta,Georgia Power Co,7140,Industrial,Schedule MLM-10 Multiple Load Management - Primary Distribution,5ae3b33d5457a38b479b4e72,2018-04-01,,Primary,3-Phase,1000,,,,1,1,0,85,$/month,kW,,https://apps.openei.org/IURDB/rate/view/5ae3b33d5457a38b479b4e72
Atlanta,Georgia Power Co,7140,Industrial,Schedule MLM-10 Multiple Load Management - Transmission Service,5ae3b3ee5457a3c5149b4e73,2018-04-01,,Transmission,3-Phase,1000,,,,1,1,0,85,$/month,kW,,https://apps.openei.org/IURDB/rate/view/5ae3b3ee5457a3c5149b4e73
San Jose / Bay Area,Pacific Gas & Electric Co,14328,Commercial,B-19 Medium General Demand TOU (Primary) Mandatory,69de8ce0fcf14d499f019a5e,2026-03-27,,Secondary,,500,999,,,1,1,1,87.34546,$/day,kW,False,https://apps.openei.org/IURDB/rate/view/69de8ce0fcf14d499f019a5e
San Jose / Bay Area,Pacific Gas & Electric Co,14328,Commercial,B-19 Medium General Demand TOU (Primary) Voluntary,69de8ce6a6e15ebd62035b3e,2026-03-27,,Secondary,,500,999,,,1,1,1,11.36882,$/day,kW,False,https://apps.openei.org/IURDB/rate/view/69de8ce6a6e15ebd62035b3e
San Jose / Bay Area,Pacific Gas & Electric Co,14328,Commercial,B-19 Medium General Demand TOU (Secondary) Mandatory,69de8cd7f6f3fc67370d4e1d,2026-03-27,,Secondary,,500,999,,,1,1,1,58.62824,$/day,kW,False,https://apps.openei.org/IURDB/rate/view/69de8cd7f6f3fc67370d4e1d
San Jose / Bay Area,Pacific Gas & Electric Co,14328,Commercial,B-19 Medium General Demand TOU (Secondary) Voluntary,69de8cdb02f684104e01267d,2026-03-27,,Secondary,,500,999,,,1,1,1,11.36882,$/day,kW,False,https://apps.openei.org/IURDB/rate/view/69de8cdb02f684104e01267d
San Jose / Bay Area,Pacific Gas & Electric Co,14328,Commercial,B-19 Medium General Demand TOU (Transmission) Mandatory,69de8ceb02f684104e01267e,2026-03-27,,Secondary,,500,999,,,1,1,1,117.10726,$/day,kW,False,https://apps.openei.org/IURDB/rate/view/69de8ceb02f684104e01267e
San Jose / Bay Area,Pacific Gas & Electric Co,14328,Commercial,B-19 Medium General Demand TOU (Transmission) Voluntary,69de8cf1e547dde41109ee00,2026-03-27,,Secondary,,500,999,,,1,1,1,11.36882,$/day,kW,False,https://apps.openei.org/IURDB/rate/view/69de8cf1e547dde41109ee00
San Jose / Bay Area,Pacific Gas & Electric Co,14328,Commercial,B-19 Medium General Demand TOU Option R (Primary) Mandatory,69de91effef8e27e5706661d,2026-03-27,,Secondary,,500,999,,,1,1,1,87.34546,$/day,kW,False,https://apps.openei.org/IURDB/rate/view/69de91effef8e27e5706661d
San Jose / Bay Area,Pacific Gas & Electric Co,14328,Commercial,B-19 Medium General Demand TOU Option R (Primary) Voluntary,69de9241edea9919e60bad90,2026-03-27,,Secondary,,500,999,,,1,1,1,11.36882,$/day,kW,False,https://apps.openei.org/IURDB/rate/view/69de9241edea9919e60bad90
San Jose / Bay Area,Pacific Gas & Electric Co,14328,Commercial,B-19 Medium General Demand TOU Option R (Secondary) Mandatory,69de9159d203013bd602f35e,2026-03-27,,Secondary,,500,999,,,1,1,1,58.62824,$/day,kW,False,https://apps.openei.org/IURDB/rate/view/69de9159d203013bd602f35e
San Jose / Bay Area,Pacific Gas & Electric Co,14328,Commercial,B-19 Medium General Demand TOU Option R (Secondary) Voluntary,69de91d7a6e15ebd62035b3f,2026-03-27,,Secondary,,500,999,,,1,1,1,11.36882,$/day,kW,False,https://apps.openei.org/IURDB/rate/view/69de91d7a6e15ebd62035b3f
San Jose / Bay Area,Pacific Gas & Electric Co,14328,Commercial,B-19 Medium General Demand TOU Option R (Transmission) Mandatory,69de92556d1ebb0263094f0e,2026-03-27,,Secondary,,500,999,,,1,1,1,117.10726,$/day,kW,False,https://apps.openei.org/IURDB/rate/view/69de92556d1ebb0263094f0e
San Jose / Bay Area,Pacific Gas & Electric Co,14328,Commercial,B-19 Medium General Demand TOU Option R (Transmission) Voluntary,69de929a406310365e0f080f,2026-03-27,,Secondary,,500,999,,,1,1,1,11.36882,$/day,kW,False,https://apps.openei.org/IURDB/rate/view/69de929a406310365e0f080f
San Jose / Bay Area,Pacific Gas & Electric Co,14328,Commercial,E-19 Medium General Demand TOU (Primary),69de7fd257e73279b70d783d,2024-10-01,,Primary,,500,999,,,1,1,1,84.72358,$/day,kW,False,https://apps.openei.org/IURDB/rate/view/69de7fd257e73279b70d783d
San Jose / Bay Area,Pacific Gas & Electric Co,14328,Commercial,E-19 Medium General Demand TOU (Secondary),69de7e4cd600f18ec30600ac,2026-03-27,,Secondary,,500,999,,,1,1,1,57.11881,$/day,kW,False,https://apps.openei.org/IURDB/rate/view/69de7e4cd600f18ec30600ac
San Jose / Bay Area,Pacific Gas & Electric Co,14328,Commercial,E-19 Medium General Demand TOU (Transmission),69de804c1ae3be1716020eda,2026-03-27,,Transmission,,500,999,,,1,1,1,110.17006,$/day,kW,False,https://apps.openei.org/IURDB/rate/view/69de804c1ae3be1716020eda
San Jose / Bay Area,Pacific Gas & Electric Co,14328,Commercial,E-19 Medium General Demand TOU Option R (Primary),69de7c756d1ebb0263094f0d,2026-03-27,,Primary,,500,999,,,1,1,1,84.72358,$/day,kW,False,https://apps.openei.org/IURDB/rate/view/69de7c756d1ebb0263094f0d
San Jose / Bay Area,Pacific Gas & Electric Co,14328,Commercial,E-19 Medium General Demand TOU Option R (Secondary),69de7a20e547dde41109edff,2026-03-27,,Secondary,,500,999,,,1,1,1,51.11881,$/day,kW,False,https://apps.openei.org/IURDB/rate/view/69de7a20e547dde41109edff
San Jose / Bay Area,Pacific Gas & Electric Co,14328,Commercial,E-19 Medium General Demand TOU Option R (Transmission),69de7d02edea9919e60bad8e,2026-03-27,,Transmission,,500,999,,,1,1,1,110.17006,$/day,,False,https://apps.openei.org/IURDB/rate/view/69de7d02edea9919e60bad8e
Northern Virginia,Virginia Electric & Power Co,19876,Commercial,GS-3 (Large General Service Secondary Voltage),6997d57a8f47e2933e0d6f4c,2026-01-01,,,,500,,,,1,1,0,185.34,$/month,kW,False,https://apps.openei.org/IURDB/rate/view/6997d57a8f47e2933e0d6f4c
Northern Virginia,Virginia Electric & Power Co,19876,Commercial,GS-4 (Large General Service Primary Voltage),69e99cf96746522c70079990,2026-01-01,,,,500,,,,1,1,0,343.54,$/month,kW,False,https://apps.openei.org/IURDB/rate/view/69e99cf96746522c70079990
Northern Virginia,Virginia Electric & Power Co,19876,Industrial,GS-4 (Large General Service Transmission Voltage),6997d7cfaa5e5193ff0c8e59,2026-01-01,,Transmission,,500,,,,1,1,0,343.54,$/month,kW,False,https://apps.openei.org/IURDB/rate/view/6997d7cfaa5e5193ff0c8e59
Northern Virginia,Virginia Electric & Power Co,19876,Commercial,Large General Service Primary (Schedule 10),6997dae6d3c1f5b8140d5aad,2026-01-01,,Primary,,500,,,,1,0,1,201.65,$/month,,False,https://apps.openei.org/IURDB/rate/view/6997dae6d3c1f5b8140d5aad
Northern Virginia,Virginia Electric & Power Co,19876,Commercial,Large General Service Secondary (Schedule 10),6997d9ec24c59a06a0022259,2026-01-01,,Secondary,,500,,,,1,0,1,201.65,$/month,,False,https://apps.openei.org/IURDB/rate/view/6997d9ec24c59a06a0022259
Atlanta,Georgia Power Co,7140,Industrial,Schedule PLL-18 Power & Light High Load Factor,677d9cb6f0e91dbd290014ed,2025-01-01,,Primary,3-Phase,500,,,,1,0,1,256,$/month,,False,https://apps.openei.org/IURDB/rate/view/677d9cb6f0e91dbd290014ed
Phoenix,Arizona Public Service Co,803,Industrial,Large General Service (E-32 L) Secondary,69a7103973cd4e90df052d4a,2026-02-01,,Secondary,,401,,,,1,1,0,4.238,$/day,kW,False,https://apps.openei.org/IURDB/rate/view/69a7103973cd4e90df052d4a
Phoenix,Arizona Public Service Co,803,Industrial,Large General Service (E-32 L) Primary,69a710dd5c7ca445150f156c,2026-02-01,,Primary,,400,,,,1,0,1,7.41,$/day,kW,False,https://apps.openei.org/IURDB/rate/view/69a710dd5c7ca445150f156c
Phoenix,Arizona Public Service Co,803,Industrial,Large General Service (E-32 L) Transmission,69a7112ecebe63c9250a13eb,2026-02-01,,Transmission,,400,,,,1,0,1,41.918,$/day,,False,https://apps.openei.org/IURDB/rate/view/69a7112ecebe63c9250a13eb
Phoenix,Arizona Public Service Co,803,Industrial,Large General Service TOU (E-32 L) Primary,69a711d2ac5ca652b3030919,2026-02-01,,Primary,,400,,,,1,1,0,7.41,$/day,kW,False,https://apps.openei.org/IURDB/rate/view/69a711d2ac5ca652b3030919
Phoenix,Arizona Public Service Co,803,Commercial,Large General Service TOU (E-32 L) Secondary,69a71159f0ddf5680f0728db,2026-02-01,,Secondary,,400,,,,1,1,0,4.238,$/day,kW,False,https://apps.openei.org/IURDB/rate/view/69a71159f0ddf5680f0728db
Phoenix,Arizona Public Service Co,803,Industrial,Large General Service TOU (E-32 L) Transmission,69a7120819740ca273013b0a,2026-02-01,,Transmission,,400,,,,1,1,0,41.918,$/day,kW,False,https://apps.openei.org/IURDB/rate/view/69a7120819740ca273013b0a
Austin,Austin Energy,1015,Commercial,Commercial - Secondary Voltage Greater than 300kW - Inside,68b7b23b21cf9a2f810d7c9a,2025-05-01,,Secondary,,300,,,,1,0,1,286.11,$/month,kW,False,https://apps.openei.org/IURDB/rate/view/68b7b23b21cf9a2f810d7c9a
Austin,Austin Energy,1015,Commercial,Commercial - Secondary Voltage Greater than 300kW - Outside Austin,68b7b79c922a13f3210cf51a,2025-05-01,,Secondary,,300,,,,1,0,1,286.11,$/month,kW,False,https://apps.openei.org/IURDB/rate/view/68b7b79c922a13f3210cf51a
Phoenix,Arizona Public Service Co,803,Commercial,Medium General Service (E-32 M) Primary,69a7173dfa9f85542e00de2a,2026-02-01,,Primary,,100,400,,,1,1,0,5.484,$/day,kW,False,https://apps.openei.org/IURDB/rate/view/69a7173dfa9f85542e00de2a
Phoenix,Arizona Public Service Co,803,Commercial,Medium General Service (E-32 M) Secondary,69a71685d189752a6d0863a8,2026-02-01,,Secondary,,100,400,,,1,1,0,2.238,$/month,kW,False,https://apps.openei.org/IURDB/rate/view/69a71685d189752a6d0863a8
Phoenix,Arizona Public Service Co,803,Commercial,Medium General Service (E-32 M) Transmission,69a7176639f0352b510c1e1a,2026-02-01,,Transmission,,100,400,,,1,1,0,39.88,$/day,kW,False,https://apps.openei.org/IURDB/rate/view/69a7176639f0352b510c1e1a
Phoenix,Arizona Public Service Co,803,Commercial,Medium General Service TOU (E-32 M) Primary,69a7183c5c7ca445150f156d,2026-02-01,,Primary,,100,400,,,1,1,0,5.484,$/day,kW,False,https://apps.openei.org/IURDB/rate/view/69a7183c5c7ca445150f156d
Phoenix,Arizona Public Service Co,803,Commercial,Medium General Service TOU (E-32 M) Secondary,69a717a4fa9f85542e00de2b,2026-02-01,,Secondary,Single and 3-Phase,100,400,,,1,1,0,2.238,$/day,kW,False,https://apps.openei.org/IURDB/rate/view/69a717a4fa9f85542e00de2b
Phoenix,Arizona Public Service Co,803,Commercial,Medium General Service TOU (E-32 M) Transmission,69a71860f0ddf5680f0728dc,2026-02-01,,Transmission,,100,400,,,1,1,0,39.88,$/day,kW,False,https://apps.openei.org/IURDB/rate/view/69a71860f0ddf5680f0728dc
Austin,Austin Energy,1015,Commercial,Commercial - Secondary Voltage  50kW (Time-Of-Use Option) - Inside Austin,577eae935457a3bb443068ef,2016-04-01,,Secondary,,50,,,,1,1,0,68.25,$/month,kW,,https://apps.openei.org/IURDB/rate/view/577eae935457a3bb443068ef
Austin,Austin Energy,1015,Commercial,Commercial - Secondary Voltage  50kW (Time-Of-Use Option) - Outside Austin,577eaf5e5457a32f453068ee,2016-04-01,,Secondary,,50,,,,1,1,0,68.25,$/month,kW,,https://apps.openei.org/IURDB/rate/view/577eaf5e5457a32f453068ee
Dallas-Fort Worth,Oncor Electric Delivery Company LLC,44372,Commercial,Medium Non-Residential LSP POLR,539fb91bec4f024bc1dc1f11,2014-01-01,,Secondary,3-Phase,50,,,,1,0,1,32.92,$/month,kW,,https://apps.openei.org/IURDB/rate/view/539fb91bec4f024bc1dc1f11
Northern Virginia,Virginia Electric & Power Co,19876,Commercial,GS-2 Demand,6997d1dfa746c90e550cb238,2026-01-01,,,,30,500,,,1,0,1,31.9,$/month,kW,False,https://apps.openei.org/IURDB/rate/view/6997d1dfa746c90e550cb238
Northern Virginia,Virginia Electric & Power Co,19876,Commercial,GS-2 Non-Demand,6997d2bea746c90e550cb239,2026-01-01,,,,30,500,,,1,0,0,31.9,$/month,kW,False,https://apps.openei.org/IURDB/rate/view/6997d2bea746c90e550cb239
Northern Virginia,Virginia Electric & Power Co,19876,Commercial,GS-2T Time-of-Use,6997d388a746c90e550cb23a,2026-01-01,,,,30,500,,,1,1,0,37.08,$/month,kW,False,https://apps.openei.org/IURDB/rate/view/6997d388a746c90e550cb23a
Atlanta,Georgia Power Co,7140,Commercial,Schedule PLM-18 Power and Light Medium,677d7ccfc4f2abe4cf06617c,2025-01-01,,Secondary,Single and 3-Phase,30,500,,,1,0,1,152,$/month,kW,False,https://apps.openei.org/IURDB/rate/view/677d7ccfc4f2abe4cf06617c
Atlanta,Georgia Power Co,7140,Commercial,Time of Use- Multiple Business Schedule TOU-MB-7,5ae3acd05457a3a8689b4e70,2018-04-01,,Secondary,Single and 3-Phase,30,250,,,1,0,0,113,$/month,,,https://apps.openei.org/IURDB/rate/view/5ae3acd05457a3a8689b4e70
Phoenix,Arizona Public Service Co,803,Commercial,Small General Service (E-32 S) Primary,6272e3d80be5c2606c5ff727,,,Primary,,20,100,,,1,1,0,143.96,$/month,kW,False,https://apps.openei.org/IURDB/rate/view/6272e3d80be5c2606c5ff727
Phoenix,Arizona Public Service Co,803,Commercial,Small General Service (E-32 S) Secondary,6272e4ae7eb76766c247d469,,,Secondary,Single and 3-Phase,20,100,,,1,1,0,33.76,$/month,kW,False,https://apps.openei.org/IURDB/rate/view/6272e4ae7eb76766c247d469
Phoenix,Arizona Public Service Co,803,Commercial,Small General Service TOU (E-32 S) Primary,69a7198aac5ca652b303091a,2026-02-01,,Primary,,20,100,,,1,1,0,5.484,$/day,kW,False,https://apps.openei.org/IURDB/rate/view/69a7198aac5ca652b303091a
Phoenix,Arizona Public Service Co,803,Commercial,Small General Service TOU (E-32 S) Secondary,69a7190ccebe63c9250a13ec,2026-02-01,,Secondary,Single and 3-Phase,20,100,,,1,1,0,2.238,$/day,kW,False,https://apps.openei.org/IURDB/rate/view/69a7190ccebe63c9250a13ec
San Jose / Bay Area,Pacific Gas & Electric Co,14328,Commercial,Agriculture Power AG-1 (Rate B) Primary,69de97d654d2cac2040b696e,2026-03-27,,Primary,,15,500,,,1,0,1,0.76313,$/day,,False,https://apps.openei.org/IURDB/rate/view/69de97d654d2cac2040b696e
San Jose / Bay Area,Pacific Gas & Electric Co,14328,Commercial,Agriculture Power AG-1 (Rate B) Secondary,69de97db6c6b1b3352045e3e,2026-03-27,,,,15,500,,,1,0,1,0.76313,$/month,kW,False,https://apps.openei.org/IURDB/rate/view/69de97db6c6b1b3352045e3e
San Jose / Bay Area,Pacific Gas & Electric Co,14328,Commercial,Agriculture Power TOU Rate (AG-4B),69dea8571ae3be1716020edc,2026-03-27,,,,15,,,,1,1,1,0.76313,$/day,kW,False,https://apps.openei.org/IURDB/rate/view/69dea8571ae3be1716020edc
San Jose / Bay Area,Pacific Gas & Electric Co,14328,Commercial,Agriculture Power TOU Rate (AG-4C),69dea8633b7f6b42a805fd9f,2026-03-27,,,,15,,,,1,1,1,2.15003,$/day,kW,False,https://apps.openei.org/IURDB/rate/view/69dea8633b7f6b42a805fd9f
San Jose / Bay Area,Pacific Gas & Electric Co,14328,Commercial,Agriculture Power TOU Rate (AG-4E),69dea85d5522f8f29a014b5e,2026-03-27,,,,15,,,,1,1,1,0.76313,$/day,kW,False,https://apps.openei.org/IURDB/rate/view/69dea85d5522f8f29a014b5e
San Jose / Bay Area,Pacific Gas & Electric Co,14328,Commercial,Agriculture Power TOU rate (AG-4F),69dea868fef8e27e5706661e,2026-03-27,,,,15,,,,1,1,1,2.15003,$/month,kW,False,https://apps.openei.org/IURDB/rate/view/69dea868fef8e27e5706661e
San Jose / Bay Area,Pacific Gas & Electric Co,14328,Commercial,Large Agriculture Power TOU Rate (AG-5B),69deaa74c3f455511f0635a2,2026-03-27,,,,15,,,,1,1,1,1.19446,$/day,kW,False,https://apps.openei.org/IURDB/rate/view/69deaa74c3f455511f0635a2
San Jose / Bay Area,Pacific Gas & Electric Co,14328,Commercial,Large Agriculture Power TOU Rate (AG-5C),69deaa7f54d2cac2040b6970,2026-03-27,,,,15,,,,1,1,1,5.30871,$/day,kW,False,https://apps.openei.org/IURDB/rate/view/69deaa7f54d2cac2040b6970
San Jose / Bay Area,Pacific Gas & Electric Co,14328,Commercial,Large Agriculture Power TOU Rate (AG-5E),69deaa79d600f18ec30600ad,2026-03-27,,,,15,,,,1,1,1,1.19446,$/day,kW,False,https://apps.openei.org/IURDB/rate/view/69deaa79d600f18ec30600ad
San Jose / Bay Area,Pacific Gas & Electric Co,14328,Commercial,Large Agriculture Power TOU Rate (AG-5F),69deaa836d1ebb0263094f0f,2026-03-27,,,,15,,,,1,1,1,5.30871,$/day,kW,False,https://apps.openei.org/IURDB/rate/view/69deaa836d1ebb0263094f0f
Dallas-Fort Worth,Oncor Electric Delivery Company LLC,44372,Commercial,Small Non- Residential LSP POLR(GREATER THAN 10KW),539fba32ec4f024bc1dc2b4f,2014-05-01,,Secondary,3-Phase,11,,,,1,0,1,32.92,$/month,kW,,https://apps.openei.org/IURDB/rate/view/539fba32ec4f024bc1dc2b4f
Columbus,Ohio Power Co,14006,Commercial,General Service Primary Bundled (GS-2),5964f6115457a3863c4c9f94,2017-06-01,,Primary,,10,8000,,,1,1,1,173.57,$/month,kW,,https://apps.openei.org/IURDB/rate/view/5964f6115457a3863c4c9f94
Columbus,Ohio Power Co,14006,Commercial,General Service Primary Bundled (GS-2),5964f7d85457a34a4a4c9f93,2017-06-01,,Primary,,10,8000,,,1,1,1,173.57,$/month,kW,,https://apps.openei.org/IURDB/rate/view/5964f7d85457a34a4a4c9f93
Columbus,Ohio Power Co,14006,Commercial,General Service Primary Bundled (GS-3),5965063e5457a3803e4c9f94,2017-06-01,,,,10,8000,,,1,1,1,173.57,$/month,kW,,https://apps.openei.org/IURDB/rate/view/5965063e5457a3803e4c9f94
Columbus,Ohio Power Co,14006,Commercial,General Service Secondary Bundled (GS-2),5964f0945457a3f4404c9f92,2017-06-01,,Secondary,,10,8000,,,1,1,1,68.73,$/month,kW,,https://apps.openei.org/IURDB/rate/view/5964f0945457a3f4404c9f92
Columbus,Ohio Power Co,14006,Commercial,General Service Secondary Bundled (GS-2),5964f3d15457a361024c9f92,2017-06-01,,Secondary,,10,8000,,,1,1,1,68.73,$/month,kW,,https://apps.openei.org/IURDB/rate/view/5964f3d15457a361024c9f92
Columbus,Ohio Power Co,14006,Commercial,General Service Secondary Bundled (GS-3),596505a65457a3494a4c9f92,2017-06-01,,Secondary,,10,8000,,,1,1,1,68.73,$/month,kW,,https://apps.openei.org/IURDB/rate/view/596505a65457a3494a4c9f92
Columbus,Ohio Power Co,14006,Commercial,General Service Subtransmission Bundled (GS-2),5964fd975457a30c144c9f92,2017-06-01,,,,10,8000,,,1,0,1,763.57,$/month,kW,,https://apps.openei.org/IURDB/rate/view/5964fd975457a30c144c9f92
Columbus,Ohio Power Co,14006,Commercial,General Service Subtransmission Bundled (GS-3),59650a3b5457a3863c4c9f97,2017-06-01,,,,10,8000,,,1,0,1,763.57,$/month,kW,,https://apps.openei.org/IURDB/rate/view/59650a3b5457a3863c4c9f97
Columbus,Ohio Power Co,14006,Commercial,General Service Transmission Bundled (GS-2),5964fc095457a3f4404c9f94,2017-06-01,,Transmission,,10,8000,,,1,0,1,763.57,$/month,kW,,https://apps.openei.org/IURDB/rate/view/5964fc095457a3f4404c9f94
Columbus,Ohio Power Co,14006,Commercial,General Service Transmission Bundled (GS-3),596509c25457a3494a4c9f93,2017-06-01,,,,10,8000,,,1,0,1,763.57,$/month,kW,,https://apps.openei.org/IURDB/rate/view/596509c25457a3494a4c9f93
Austin,Austin Energy,1015,Commercial,Commercial - Secondary Voltage 10kW-300kW - Inside,68b7ae8e19ad20e82903890f,2025-05-01,,Secondary,,10,300,,,1,0,1,57.22,$/month,kW,False,https://apps.openei.org/IURDB/rate/view/68b7ae8e19ad20e82903890f
Austin,Austin Energy,1015,Commercial,Commercial - Secondary Voltage 10kW-300kW - Outside Austin,68b7b6c821cf9a2f810d7c9c,2025-05-01,,Secondary,,10,300,,,1,0,1,57.22,$/month,kW,False,https://apps.openei.org/IURDB/rate/view/68b7b6c821cf9a2f810d7c9c
Austin,Austin Energy,1015,Commercial,Commercial - Secondary Voltage 10kW-50kW (Time of Use)-Inside Austin,577eaceb5457a3ba443068f0,2016-04-01,,Secondary,,10,50,,,1,1,0,30,$/month,kW,,https://apps.openei.org/IURDB/rate/view/577eaceb5457a3ba443068f0
Austin,Austin Energy,1015,Commercial,Commercial - Secondary Voltage 10kW-50kW (Time of Use)-Outside Austin,577eadc25457a3bb443068ee,2016-04-01,,Secondary,,10,50,,,1,1,0,30,$/month,kW,,https://apps.openei.org/IURDB/rate/view/577eadc25457a3bb443068ee
Chicago,Commonwealth Edison Co,4110,Commercial,BES-Medium Load Delivery Class (Primary),67a250cb809958d49f095b5c,2025-01-01,,Primary,3-Phase,,10000,,,1,0,1,47.83,$/month,,False,https://apps.openei.org/IURDB/rate/view/67a250cb809958d49f095b5c
Chicago,Commonwealth Edison Co,4110,Commercial,BES-Medium Load Delivery Class (Secondary),67a250ec809958d49f095b5e,2025-01-01,,Secondary,3-Phase,,10000,,,1,0,1,47.83,$/month,kW,False,https://apps.openei.org/IURDB/rate/view/67a250ec809958d49f095b5e
Chicago,Commonwealth Edison Co,4110,Commercial,BES-Small Load Delivery Class (Primary),67a25104809958d49f095b60,2025-01-01,,Primary,3-Phase,,10000,,,1,0,1,30.98,$/month,kW,False,https://apps.openei.org/IURDB/rate/view/67a25104809958d49f095b60
Chicago,Commonwealth Edison Co,4110,Commercial,BES-Small Load Delivery Class (Secondary),64c00748d007addda603c401,2023-06-01,,Secondary,3-Phase,,10000,,,1,0,1,18.31,$/month,kW,False,https://apps.openei.org/IURDB/rate/view/64c00748d007addda603c401
Chicago,Commonwealth Edison Co,4110,Commercial,BES-Small Load Delivery Class (Secondary),67a25121043a3c1d68048e2b,2025-01-01,,Secondary,3-Phase,,10000,,,1,0,1,30.98,$/month,kW,False,https://apps.openei.org/IURDB/rate/view/67a25121043a3c1d68048e2b
Chicago,Commonwealth Edison Co,4110,Industrial,BESH-Large Load Delivery Class (Unbundled),53a48d525257a33d4d8d8cf1,2014-06-01,,Secondary,3-Phase,,10000,,,1,0,1,97.23,$/month,,,https://apps.openei.org/IURDB/rate/view/53a48d525257a33d4d8d8cf1
Chicago,Commonwealth Edison Co,4110,Commercial,BESH-Watt Hour Delivery Class(Unbundled),539f6cf9ec4f024411ecb033,2014-06-01,,Secondary,Single and 3-Phase,,10000,,,1,0,1,17.35,$/month,kW,,https://apps.openei.org/IURDB/rate/view/539f6cf9ec4f024411ecb033
Chicago,Commonwealth Edison Co,4110,Commercial,RDS-Medium Load Delivery Class (Primary),67a250b9809958d49f095b5b,2025-01-01,,Primary,3-Phase,,10000,,,1,0,1,47.83,$/month,,False,https://apps.openei.org/IURDB/rate/view/67a250b9809958d49f095b5b
Chicago,Commonwealth Edison Co,4110,Commercial,RDS-Medium Load Delivery Class (Secondary),67a250da809958d49f095b5d,2025-01-01,,Secondary,3-Phase,,10000,,,1,0,1,47.83,$/month,kW,False,https://apps.openei.org/IURDB/rate/view/67a250da809958d49f095b5d
Chicago,Commonwealth Edison Co,4110,Commercial,RDS-Small Load Delivery Class (Primary),64bfed2a8859b02004057981,2023-06-01,,Primary,3-Phase,,10000,,,1,0,1,18.76,$/month,kW,False,https://apps.openei.org/IURDB/rate/view/64bfed2a8859b02004057981
Chicago,Commonwealth Edison Co,4110,Commercial,RDS-Small Load Delivery Class (Primary),67a250f8809958d49f095b5f,2025-01-01,,Primary,3-Phase,,10000,,,1,0,1,30.98,$/month,kW,False,https://apps.openei.org/IURDB/rate/view/67a250f8809958d49f095b5f
Chicago,Commonwealth Edison Co,4110,Commercial,RDS-Small Load Delivery Class (Secondary),64bfee45250784052f07bbbe,2023-06-01,,Secondary,3-Phase,,10000,,,1,0,1,18.76,$/month,kW,False,https://apps.openei.org/IURDB/rate/view/64bfee45250784052f07bbbe
Chicago,Commonwealth Edison Co,4110,Commercial,RDS-Small Load Delivery Class (Secondary),67a25110937d04bbff0be75d,2025-01-01,,Secondary,3-Phase,,10000,,,1,0,1,18.76,$/month,kW,False,https://apps.openei.org/IURDB/rate/view/67a25110937d04bbff0be75d
Austin,Austin Energy,1015,Commercial,Commercial - Primary Voltage Less than 3 MW (Time-of-Use-Option) - Inside Austin,577eb2e55457a3bc443068ef,2016-04-01,,Primary,,,3000,,,1,1,0,262.5,$/month,kW,,https://apps.openei.org/IURDB/rate/view/577eb2e55457a3bc443068ef
Austin,Austin Energy,1015,Commercial,Commercial - Primary Voltage Less than 3 MW (Time-of-Use-Option) - Outside Austin,577eb4175457a3bc443068f0,2016-04-01,,Primary,,,3000,,,1,1,0,262.5,$/month,kW,,https://apps.openei.org/IURDB/rate/view/577eb4175457a3bc443068f0
Austin,Austin Energy,1015,Commercial,Commercial - Primary Voltage Less than 3 MW - Inside Austin,68b7b30cd3323036f20806eb,2025-05-01,,Primary,,,3000,,,1,0,1,312.12,$/month,kW,False,https://apps.openei.org/IURDB/rate/view/68b7b30cd3323036f20806eb
Austin,Austin Energy,1015,Commercial,Commercial - Primary Voltage Less than 3 MW - Outside Austin,68b7b830d3323036f20806ec,2025-05-01,,Primary,,,3000,,,1,0,1,312.12,$/month,kW,False,https://apps.openei.org/IURDB/rate/view/68b7b830d3323036f20806ec
Columbus,Ohio Power Co,14006,Commercial,"General Service Ohio Power Rate Zone (GS) - Transmission Sub 2,000 kW",69dd310008c252b4010e1d3a,2026-04-10,,Transmission,,,2000,,,1,0,1,1126.71,$/month,kW,False,https://apps.openei.org/IURDB/rate/view/69dd310008c252b4010e1d3a
Columbus,Ohio Power Co,14006,Commercial,"General Service Ohio Power Rate Zone (GS) - Transmission Sub 2,000 kW",69dd3106e547dde41109edf8,2026-04-10,,Primary,,,2000,,,1,0,1,1128.34,$/month,kW,False,https://apps.openei.org/IURDB/rate/view/69dd3106e547dde41109edf8
San Jose / Bay Area,Pacific Gas & Electric Co,14328,Commercial,A-10 Medium General Demand Service (Primary Voltage),69de8955c3f455511f06359f,2026-03-27,,Primary,,,500,,,1,0,1,11.36882,$/day,kW,False,https://apps.openei.org/IURDB/rate/view/69de8955c3f455511f06359f
San Jose / Bay Area,Pacific Gas & Electric Co,14328,Commercial,A-10 Medium General Demand Service (Secondary Voltage),69de8950a6e15ebd62035b3d,2026-03-27,,Secondary,,,500,,,1,0,1,11.36882,$/day,kW,False,https://apps.openei.org/IURDB/rate/view/69de8950a6e15ebd62035b3d
San Jose / Bay Area,Pacific Gas & Electric Co,14328,Commercial,A-10 Medium General Demand Service (Transmission Voltage),69de895bc6b8d5269401c6ee,2026-03-27,,Transmission,,,500,,,1,0,1,11.36882,$/day,kW,False,https://apps.openei.org/IURDB/rate/view/69de895bc6b8d5269401c6ee
San Jose / Bay Area,Pacific Gas & Electric Co,14328,Commercial,A-10 Medium General Demand Service TOU (Primary Voltage),69de8a2d08c252b4010e1d41,2026-03-27,,Primary,,,500,,,1,0,1,11.36882,$/day,kW,False,https://apps.openei.org/IURDB/rate/view/69de8a2d08c252b4010e1d41
San Jose / Bay Area,Pacific Gas & Electric Co,14328,Commercial,A-10 Medium General Demand Service TOU (Secondary Voltage),69de8a2702f684104e01267c,2026-03-27,,Secondary,,,500,,,1,0,1,11.36882,$/day,kW,False,https://apps.openei.org/IURDB/rate/view/69de8a2702f684104e01267c
San Jose / Bay Area,Pacific Gas & Electric Co,14328,Commercial,A-10 Medium General Demand Service TOU (Transmission Voltage),69de8a32820adfee230a016b,2026-03-27,,Transmission,,,500,,,1,0,1,11.36882,$/day,kW,False,https://apps.openei.org/IURDB/rate/view/69de8a32820adfee230a016b
San Jose / Bay Area,Pacific Gas & Electric Co,14328,Commercial,B-10 Medium General Demand Service (Primary Voltage),69de936e57e73279b70d783f,2026-03-27,,Secondary,,,500,,,1,0,1,11.36882,$/day,kW,False,https://apps.openei.org/IURDB/rate/view/69de936e57e73279b70d783f
San Jose / Bay Area,Pacific Gas & Electric Co,14328,Commercial,B-10 Medium General Demand Service (Secondary Voltage),69de936a02f684104e01267f,2026-03-27,,Secondary,,,500,,,1,0,1,11.36882,$/day,kW,False,https://apps.openei.org/IURDB/rate/view/69de936a02f684104e01267f
San Jose / Bay Area,Pacific Gas & Electric Co,14328,Commercial,B-10 Medium General Demand Service (Transmission Voltage),69de9373c6b8d5269401c6ef,2026-03-27,,Secondary,,,500,,,1,0,1,11.36882,$/day,kW,False,https://apps.openei.org/IURDB/rate/view/69de9373c6b8d5269401c6ef
San Jose / Bay Area,Pacific Gas & Electric Co,14328,Commercial,"E-19 Medium General Demand TOU (Primary, Voluntary)",69de7ec381bf8b311c0576ae,2026-03-27,,Primary,,,500,,,1,1,1,11.36882,$/day,kW,False,https://apps.openei.org/IURDB/rate/view/69de7ec381bf8b311c0576ae
San Jose / Bay Area,Pacific Gas & Electric Co,14328,Commercial,"E-19 Medium General Demand TOU (Secondary, Voluntary)",69de7e5220aaf9dd060cab5d,2026-03-27,,Secondary,,,500,,,1,1,1,11.36882,$/day,kW,False,https://apps.openei.org/IURDB/rate/view/69de7e5220aaf9dd060cab5d
San Jose / Bay Area,Pacific Gas & Electric Co,14328,Commercial,"E-19 Medium General Demand TOU (Transmission, Voluntary)",69de8052fcf14d499f019a5d,2026-03-27,,Transmission,,,500,,,1,1,1,11.36882,$/day,kW,False,https://apps.openei.org/IURDB/rate/view/69de8052fcf14d499f019a5d
San Jose / Bay Area,Pacific Gas & Electric Co,14328,Commercial,"E-19 Medium General Demand TOU Option R (Primary, Voluntary)",69de7c7bc3f455511f06359e,2026-03-27,,Primary,,,500,,,1,1,1,11.36882,$/day,kW,False,https://apps.openei.org/IURDB/rate/view/69de7c7bc3f455511f06359e
San Jose / Bay Area,Pacific Gas & Electric Co,14328,Commercial,"E-19 Medium General Demand TOU Option R (Secondary, Voluntary)",69de7a41820adfee230a016a,2026-03-27,,Secondary,,,500,,,1,1,1,11.36882,$/day,kW,False,https://apps.openei.org/IURDB/rate/view/69de7a41820adfee230a016a
San Jose / Bay Area,Pacific Gas & Electric Co,14328,Commercial,"E-19 Medium General Demand TOU Option R (Transmission, Voluntary)",69de7d0857e73279b70d783c,2026-03-27,,Transmission,,,500,,,1,1,1,11.36882,$/day,,False,https://apps.openei.org/IURDB/rate/view/69de7d0857e73279b70d783c
Columbus,Ohio Power Co,14006,Commercial,General Service Time-of-Day  (GS-TOD) Ohio Power Company Rate Zone,69dd38379b741834cb0376b9,2026-04-10,,,,,500,,,1,0,0,45.71,$/month,kW,False,https://apps.openei.org/IURDB/rate/view/69dd38379b741834cb0376b9
Columbus,Ohio Power Co,14006,Commercial,General Service Time-of-Day Bundled (GS-TOD),5964fe695457a3863c4c9f95,2017-06-01,,,,,500,,,1,0,0,37.46,$/month,kW,,https://apps.openei.org/IURDB/rate/view/5964fe695457a3863c4c9f95
Columbus,Ohio Power Co,14006,Commercial,General Service Time-of-Day Bundled (GS-TOD),596500e45457a34b4a4c9f94,2017-06-01,,,,,500,,,1,0,0,37.46,$/month,kW,,https://apps.openei.org/IURDB/rate/view/596500e45457a34b4a4c9f94
Columbus,Ohio Power Co,14006,Commercial,General Service Time-of-Day Bundled (GS-TOD) Ohio Power Company Rate Zone,69dd3831edea9919e60bad8b,2026-04-10,,Secondary,,,500,,,1,0,0,45.71,$/month,kW,False,https://apps.openei.org/IURDB/rate/view/69dd3831edea9919e60bad8b
Columbus,Ohio Power Co,14006,Commercial,General Service Time-of-Use  (GS-TOU) Ohio Power Company Rate Zone,69dd365e5522f8f29a014b58,2026-04-10,,,,,500,,,1,0,0,45.71,$/month,kW,False,https://apps.openei.org/IURDB/rate/view/69dd365e5522f8f29a014b58
Columbus,Ohio Power Co,14006,Commercial,General Service Time-of-Use Bundled (GS-TOU) Ohio Power Company Rate Zone,69dd36639b741834cb0376b8,2026-04-10,,Secondary,,,500,,,1,0,0,45.71,$/month,kW,False,https://apps.openei.org/IURDB/rate/view/69dd36639b741834cb0376b8
Atlanta,Georgia Power Co,7140,Commercial,Schedule SAS-16 Seasonal Agricultural Service,677da1ccee81823f200d73c8,2025-01-01,,Secondary,Single and 3-Phase,,500,,,1,0,0,43,$/month,kW,False,https://apps.openei.org/IURDB/rate/view/677da1ccee81823f200d73c8
San Jose / Bay Area,Pacific Gas & Electric Co,14328,Commercial,A-1 Small General Service TOU  (Single-Phase),69de883c57e73279b70d783e,2026-03-27,,,Single Phase,,75,,,1,0,0,0.32854,$/day,kW,False,https://apps.openei.org/IURDB/rate/view/69de883c57e73279b70d783e
San Jose / Bay Area,Pacific Gas & Electric Co,14328,Commercial,A-1 Small General Service TOU (Poly-Phase),69de8841406310365e0f080e,2026-03-27,,,3-Phase,,75,,,1,0,0,0.82136,$/day,kW,False,https://apps.openei.org/IURDB/rate/view/69de8841406310365e0f080e
San Jose / Bay Area,Pacific Gas & Electric Co,14328,Commercial,A-1-Small General Service-Non-Time of Use Rate (Poly-Phase),69de87ed5522f8f29a014b5d,2026-03-27,,,Single Phase,,75,,150000,1,0,0,0.82136,$/day,kW,False,https://apps.openei.org/IURDB/rate/view/69de87ed5522f8f29a014b5d
San Jose / Bay Area,Pacific Gas & Electric Co,14328,Commercial,A-1-Small General Service-Non-Time of Use Rate (Single-Phase),69de87e8a6e15ebd62035b3c,2026-03-27,,,Single Phase,,75,,150000,1,0,0,0.32854,$/day,kW,False,https://apps.openei.org/IURDB/rate/view/69de87e8a6e15ebd62035b3c
San Jose / Bay Area,Pacific Gas & Electric Co,14328,Commercial,A-6 Small General Service TOU Poly Phase,69de98911ae3be1716020edb,2026-03-27,,,3-Phase,,75,,,1,0,0,0.82136,$/day,kW,False,https://apps.openei.org/IURDB/rate/view/69de98911ae3be1716020edb
San Jose / Bay Area,Pacific Gas & Electric Co,14328,Commercial,A-6 Small General Service TOU Single Phase,69de988dcef5d38e6a0fffac,2026-03-27,,,Single Phase,,75,,,1,0,0,0.32854,$/day,kW,False,https://apps.openei.org/IURDB/rate/view/69de988dcef5d38e6a0fffac
San Jose / Bay Area,Pacific Gas & Electric Co,14328,Commercial,B-1 Small General Service TOU  (Single-Phase),69de996308c252b4010e1d42,2026-03-27,,,Single Phase,,75,,,1,0,0,0.32854,$/day,kW,False,https://apps.openei.org/IURDB/rate/view/69de996308c252b4010e1d42
San Jose / Bay Area,Pacific Gas & Electric Co,14328,Commercial,B-1 Small General Service TOU (Poly-Phase),69de9968e547dde41109ee01,2026-03-27,,,3-Phase,,75,,,1,0,0,0.82136,$/day,kW,False,https://apps.openei.org/IURDB/rate/view/69de9968e547dde41109ee01
San Jose / Bay Area,Pacific Gas & Electric Co,14328,Commercial,B-1ST Small General Service TOU (Poly-Phase),69de996ffb69aab18f03bf1c,2026-03-27,,,3-Phase,,75,,,1,1,0,0.82136,$/day,kW,False,https://apps.openei.org/IURDB/rate/view/69de996ffb69aab18f03bf1c
San Jose / Bay Area,Pacific Gas & Electric Co,14328,Commercial,B-1ST Small General Service TOU (Single Phase),69de9975a4f73dacbd0ff0ee,2026-03-27,,,Single Phase,,75,,,1,1,0,0.32854,$/day,kW,False,https://apps.openei.org/IURDB/rate/view/69de9975a4f73dacbd0ff0ee
San Jose / Bay Area,Pacific Gas & Electric Co,14328,Commercial,B-6 Small General Service TOU Poly Phase,69de92e6f3508cead300dc5d,2026-03-27,,,3-Phase,,75,,,1,0,0,0.82136,$/day,kW,False,https://apps.openei.org/IURDB/rate/view/69de92e6f3508cead300dc5d
San Jose / Bay Area,Pacific Gas & Electric Co,14328,Commercial,B-6 Small General Service TOU Single Phase,69de92e0f6c376e88e0e4b2c,2026-03-27,,,3-Phase,,75,,,1,0,0,0.32854,$/day,kW,False,https://apps.openei.org/IURDB/rate/view/69de92e0f6c376e88e0e4b2c
Atlanta,Georgia Power Co,7140,Commercial,TOU-EO-6 (Time-Of-Use Small General Service),539fb64fec4f024bc1dbff15,,,,,,50,,,1,0,1,46,$/month,kW,,https://apps.openei.org/IURDB/rate/view/539fb64fec4f024bc1dbff15
Northern Virginia,Virginia Electric & Power Co,19876,Commercial,GS-1 (Small General Service Single Phase Service),6997cfcd43b6aa9b2a015f7a,2026-01-01,,,Single Phase,,30,,,1,0,0,13.39,$/month,kW,False,https://apps.openei.org/IURDB/rate/view/6997cfcd43b6aa9b2a015f7a
Northern Virginia,Virginia Electric & Power Co,19876,Commercial,GS-1 (Small General Service Three Phase Service),6997d06143b6aa9b2a015f7b,2026-01-01,,,3-Phase,,30,,,1,0,0,18.05,$/month,kW,False,https://apps.openei.org/IURDB/rate/view/6997d06143b6aa9b2a015f7b
Atlanta,Georgia Power Co,7140,Commercial,SCHEDULE GS-17 GENERAL SERVICE,677c3da0e0c738a5420ab89b,2025-01-01,,,,,30,,3000,1,0,0,36,$/month,kW,False,https://apps.openei.org/IURDB/rate/view/677c3da0e0c738a5420ab89b
Atlanta,Georgia Power Co,7140,Commercial,Schedule PLS-18 Power and Light Small,677da422c4f2abe4cf06617e,2025-01-01,,Secondary,Single and 3-Phase,,30,,,1,0,1,38,$/month,kW,False,https://apps.openei.org/IURDB/rate/view/677da422c4f2abe4cf06617e
Phoenix,Arizona Public Service Co,803,Commercial,Extra Small General Service (E-32 XS) Primary,6272e2b20be5c2606c5ff726,,,Primary,,,20,,,1,0,0,143.96,$/month,,False,https://apps.openei.org/IURDB/rate/view/6272e2b20be5c2606c5ff726
Phoenix,Arizona Public Service Co,803,Commercial,Extra Small General Service (E-32 XS) Secondary,6272e352efaab3488943b1ca,,,Secondary,,,20,,,1,0,0,33.76,$/month,kW,False,https://apps.openei.org/IURDB/rate/view/6272e352efaab3488943b1ca
Phoenix,Arizona Public Service Co,803,Commercial,Extra Small General Service TOU (E-32 XS) Primary,69a70b47148a23cbd204ed6b,2026-02-01,,Primary,,,20,,,1,1,0,5.484,$/day,kW,False,https://apps.openei.org/IURDB/rate/view/69a70b47148a23cbd204ed6b
Phoenix,Arizona Public Service Co,803,Commercial,Extra Small General Service TOU (E-32 XS) Secondary,69a709b2f0ddf5680f0728d8,2026-02-01,,Secondary,Single and 3-Phase,,20,,,1,1,0,1.286,$/day,kW,False,https://apps.openei.org/IURDB/rate/view/69a709b2f0ddf5680f0728d8
Phoenix,Arizona Public Service Co,803,Commercial,Extra Small General Service with Demand (E-32 XS D) Primary,69a70bf09e9024ec0902b34b,2026-02-01,,Primary,,,20,,,1,1,0,5.484,$/month,kW,False,https://apps.openei.org/IURDB/rate/view/69a70bf09e9024ec0902b34b
Phoenix,Arizona Public Service Co,803,Commercial,Extra Small General Service with Demand (E-32 XS D) Secondary,69a70b855c7ca445150f156b,2026-02-01,,Secondary,,,20,,,1,1,0,2.238,$/month,kW,False,https://apps.openei.org/IURDB/rate/view/69a70b855c7ca445150f156b
San Jose / Bay Area,Pacific Gas & Electric Co,14328,Commercial,Agriculture Power AG-1 (Rate A),69de97d0f3508cead300dc5f,2026-03-27,,,,,15,,,1,1,0,0.574,$/day,kW,False,https://apps.openei.org/IURDB/rate/view/69de97d0f3508cead300dc5f
San Jose / Bay Area,Pacific Gas & Electric Co,14328,Commercial,Agriculture Power TOU Rate (AG-4A),69dea84d406310365e0f0810,2026-03-27,,,,,15,,,1,0,1,0.574,$/day,kW,False,https://apps.openei.org/IURDB/rate/view/69dea84d406310365e0f0810
San Jose / Bay Area,Pacific Gas & Electric Co,14328,Commercial,Agriculture Power TOU Rate (AG-4D),69dea85254d2cac2040b696f,2026-03-27,,,,,15,,,1,0,1,0.574,$/day,kW,False,https://apps.openei.org/IURDB/rate/view/69dea85254d2cac2040b696f
San Jose / Bay Area,Pacific Gas & Electric Co,14328,Commercial,Large Agriculture Power TOU Rate (AG-5A),69deaa6a3b7f6b42a805fda0,2026-03-27,,,,,15,,,1,0,1,0.574,$/day,,False,https://apps.openei.org/IURDB/rate/view/69deaa6a3b7f6b42a805fda0
San Jose / Bay Area,Pacific Gas & Electric Co,14328,Commercial,Large Agriculture Power TOU Rate (AG-5D),69deaa6ffef8e27e5706661f,2026-03-27,,,,,15,,,1,0,1,0.574,$/day,,False,https://apps.openei.org/IURDB/rate/view/69deaa6ffef8e27e5706661f
Austin,Austin Energy,1015,Commercial,Commercial - Secondary Voltage less than 10 kW (Time of Use Option-Inside),577eab1a5457a3ba443068ef,2016-04-01,,Secondary,,,10,,,1,0,0,21.6,$/month,kW,,https://apps.openei.org/IURDB/rate/view/577eab1a5457a3ba443068ef
Austin,Austin Energy,1015,Commercial,Commercial - Secondary Voltage less than 10 kW (Time of Use Option-Outside),577eac5c5457a30e5a3068ee,2016-04-01,,Secondary,,,10,,,1,0,0,21.6,$/month,kW,,https://apps.openei.org/IURDB/rate/view/577eac5c5457a30e5a3068ee
Austin,Austin Energy,1015,Commercial,Commercial - Secondary Voltage less than 10 kW - Inside,68b7ab86c1f85aa6520854c2,2025-05-01,,Secondary,,,10,,,1,0,0,36.41,$/month,kW,False,https://apps.openei.org/IURDB/rate/view/68b7ab86c1f85aa6520854c2
Austin,Austin Energy,1015,Commercial,Commercial - Secondary Voltage less than 10 kW - Outside City,68b7b5a0f9265971c2050c51,2025-05-01,,Secondary,,,10,,,1,0,0,36.41,$/month,kW,False,https://apps.openei.org/IURDB/rate/view/68b7b5a0f9265971c2050c51
Columbus,Ohio Power Co,14006,Commercial,General Service - Non Demand Metered Ohio Power Rate Zone (GS-NDM),69dd26136a1594eddb0e4148,2026-04-10,,Secondary,,,10,,,1,0,0,37.31,$/month,kW,False,https://apps.openei.org/IURDB/rate/view/69dd26136a1594eddb0e4148
Columbus,Ohio Power Co,14006,Commercial,General Service - Non Demand MeteredOhio Power Rate Zone (GS-NDM),69dd2634a4f73dacbd0ff0e9,2026-04-10,,Secondary,,,10,,,1,0,0,39.195,$/month,kW,False,https://apps.openei.org/IURDB/rate/view/69dd2634a4f73dacbd0ff0e9
Columbus,Ohio Power Co,14006,Commercial,General Service Ohio Power Rate Zone (GS) - Primary,69dd2f5b3b7f6b42a805fd99,2026-04-10,,Primary,,,10,,,1,0,1,211.01,$/month,kW,False,https://apps.openei.org/IURDB/rate/view/69dd2f5b3b7f6b42a805fd99
Columbus,Ohio Power Co,14006,Commercial,General Service Ohio Power Rate Zone (GS) - Primary,69dd2f632aa9e9994f0ed2b8,2026-04-10,,Primary,,,10,,,1,0,1,212.395,$/month,kW,False,https://apps.openei.org/IURDB/rate/view/69dd2f632aa9e9994f0ed2b8
Columbus,Ohio Power Co,14006,Commercial,General Service Ohio Power Rate Zone (GS) - Secondary,69dd2b7fa4f73dacbd0ff0ea,2026-04-10,,Secondary,,,10,,,1,0,1,47.528,$/month,kW,False,https://apps.openei.org/IURDB/rate/view/69dd2b7fa4f73dacbd0ff0ea
Columbus,Ohio Power Co,14006,Commercial,General Service Ohio Power Rate Zone (GS) - Secondary,69dd2b87c3f455511f06359a,2026-04-10,,Secondary,,,10,,,1,0,1,45.71,$/month,kW,False,https://apps.openei.org/IURDB/rate/view/69dd2b87c3f455511f06359a
Columbus,Ohio Power Co,14006,Commercial,Secondary General Service (GS-1),5964ee0a5457a34b4a4c9f92,2017-06-01,,,,,10,,,1,0,0,23.2,$/month,kW,,https://apps.openei.org/IURDB/rate/view/5964ee0a5457a34b4a4c9f92
Dallas-Fort Worth,Oncor Electric Delivery Company LLC,44372,Commercial,Small Non-Residential LSP POLR(LESS THAN 10KW),539f6f65ec4f024411eccdcb,2014-05-01,,Secondary,3-Phase,,10,,,1,0,1,9.29,$/month,kW,,https://apps.openei.org/IURDB/rate/view/539f6f65ec4f024411eccdcb
Northern Virginia,Virginia Electric & Power Co,19876,Commercial,5C Church and Synagogue Service,5a9075c55457a3e511f7f397,2017-10-01,,,,,,,,1,0,0,8.5,$/month,,,https://apps.openei.org/IURDB/rate/view/5a9075c55457a3e511f7f397
Northern Virginia,Virginia Electric & Power Co,19876,Commercial,5P Church and Synagogue TOU Service,5a90778a5457a3e511f7f398,2017-10-01,,,,,,,,1,1,0,17,$/month,kW,,https://apps.openei.org/IURDB/rate/view/5a90778a5457a3e511f7f398
Chicago,Commonwealth Edison Co,4110,Commercial,BES - Watt-Hour Delivery Class,64c008292bb177188901afd2,2023-06-01,,,,,,,,1,0,0,14.24,$/month,kW,False,https://apps.openei.org/IURDB/rate/view/64c008292bb177188901afd2
Chicago,Commonwealth Edison Co,4110,Commercial,BES - Watt-Hour Delivery Class,67a38c70005cdfb35208bceb,2025-01-01,,,,,,,,1,0,0,26.69,$/month,kW,False,https://apps.openei.org/IURDB/rate/view/67a38c70005cdfb35208bceb
Chicago,Commonwealth Edison Co,4110,Industrial,BES- Large Load Delivery,539f6d8bec4f024411ecb6f7,2014-06-01,,Secondary,3-Phase,,,,,1,0,1,97.23,$/month,kW,,https://apps.openei.org/IURDB/rate/view/539f6d8bec4f024411ecb6f7
Chicago,Commonwealth Edison Co,4110,Industrial,BES- Very Large Load Delivery Class,539fbfc6ec4f024c27d8951b,2014-06-01,,Primary,3-Phase,,,,,1,0,1,628.65,$/month,kW,,https://apps.openei.org/IURDB/rate/view/539fbfc6ec4f024c27d8951b
Chicago,Commonwealth Edison Co,4110,Industrial,BES-Extra Large Load Delivery Class (Primary),67a39b3d5b8683a97b04520d,2025-01-01,,Primary,3-Phase,,,,,1,0,1,2370.95,$/month,kW,False,https://apps.openei.org/IURDB/rate/view/67a39b3d5b8683a97b04520d
Chicago,Commonwealth Edison Co,4110,Industrial,BES-Extra Large Load Delivery Class (Secondary),67a39b208ba20ebfe607986b,2025-01-01,,Secondary,3-Phase,,,,,1,0,1,2370.95,$/month,,False,https://apps.openei.org/IURDB/rate/view/67a39b208ba20ebfe607986b
Chicago,Commonwealth Edison Co,4110,Industrial,BES-Large Load Delivery Class (Primary),64c043398859b02004057982,2023-06-01,,Primary,3-Phase,,,,,1,0,1,124.52,$/month,kW,False,https://apps.openei.org/IURDB/rate/view/64c043398859b02004057982
Chicago,Commonwealth Edison Co,4110,Industrial,BES-Large Load Delivery Class (Primary),67a38efd9598b903c0055c01,2025-01-01,,Primary,3-Phase,,,,,1,0,1,183.39,$/month,kW,False,https://apps.openei.org/IURDB/rate/view/67a38efd9598b903c0055c01
Chicago,Commonwealth Edison Co,4110,Commercial,BES-Large Load Delivery Class (Secondary),67a1069076de12b016021e98,2025-01-01,,Secondary,,,,,,1,0,1,183.89,$/month,,False,https://apps.openei.org/IURDB/rate/view/67a1069076de12b016021e98
Chicago,Commonwealth Edison Co,4110,Industrial,BES-Railroad Delivery Class,53a303315257a317280add31,2014-06-01,,,3-Phase,,,,,1,0,1,5414.52,$/month,,,https://apps.openei.org/IURDB/rate/view/53a303315257a317280add31
Chicago,Commonwealth Edison Co,4110,Industrial,BESH- High Voltage Delivery (Unbundled),53cfc0405257a37011fde0cb,2014-06-01,,Transmission,3-Phase,,,,,1,0,1,889.42,$/month,,,https://apps.openei.org/IURDB/rate/view/53cfc0405257a37011fde0cb
Chicago,Commonwealth Edison Co,4110,Industrial,BESH-Extra Large Load Delivery Class (Unbundled),539f703eec4f024411ecd7c1,2014-06-01,,Secondary,3-Phase,,,,,1,0,1,1531.87,$/month,kW,,https://apps.openei.org/IURDB/rate/view/539f703eec4f024411ecd7c1
Chicago,Commonwealth Edison Co,4110,Industrial,BESH-High Voltage Delivery Class (Unbundled),53a997ea5257a3492f2c8967,2014-06-01,,Secondary,3-Phase,,,,,1,0,1,889.42,$/month,,,https://apps.openei.org/IURDB/rate/view/53a997ea5257a3492f2c8967
Chicago,Commonwealth Edison Co,4110,Commercial,BESH-High Voltage Delivery Class(Unbundled),539fc89aec4f024d2f53e8ba,2014-06-01,,Primary,3-Phase,,,,,1,0,1,889.42,$/month,kW,,https://apps.openei.org/IURDB/rate/view/539fc89aec4f024d2f53e8ba
Chicago,Commonwealth Edison Co,4110,Industrial,BESH-Large Load Delivery Class (Unbundled),53a49ba75257a389518d8cf1,2014-06-01,,Primary,3-Phase,,,,,1,0,1,97.23,$/month,,,https://apps.openei.org/IURDB/rate/view/53a49ba75257a389518d8cf1
Chicago,Commonwealth Edison Co,4110,Commercial,BESH-Medium Load Delivery Class (Unbundled),53a353415257a38e290add37,2014-06-01,,Secondary,3-Phase,,,,,1,0,1,43,$/month,,,https://apps.openei.org/IURDB/rate/view/53a353415257a38e290add37
Chicago,Commonwealth Edison Co,4110,Commercial,BESH-Medium Load Delivery Class(Unbundled),539fc4b6ec4f024c27d8ca11,2014-06-01,,Primary,3-Phase,,,,,1,0,1,43,$/month,kW,,https://apps.openei.org/IURDB/rate/view/539fc4b6ec4f024c27d8ca11
Chicago,Commonwealth Edison Co,4110,Commercial,BESH-Railroad Delivery Class(Unbundled),53a895575257a3941de58e66,2014-06-01,,Primary,3-Phase,,,,,1,0,1,5022.32,$/month,,,https://apps.openei.org/IURDB/rate/view/53a895575257a3941de58e66
Chicago,Commonwealth Edison Co,4110,Commercial,BESH-Small Load Delivery Class (Unbundled),53a34fe95257a3f32f0add2f,2014-06-01,,Secondary,Single and 3-Phase,,,,,1,0,1,28.99,$/month,,,https://apps.openei.org/IURDB/rate/view/53a34fe95257a3f32f0add2f
Chicago,Commonwealth Edison Co,4110,Industrial,BESH-Small Load Delivery Class(Unbundled),53a34d345257a321290add34,2014-06-01,,Primary,3-Phase,,,,,1,0,1,28.99,$/month,,,https://apps.openei.org/IURDB/rate/view/53a34d345257a321290add34
Chicago,Commonwealth Edison Co,4110,Industrial,BESH-Very Large Load Delivery Class (Unbundled),539f6b15ec4f024411ec97f5,2014-06-01,,Secondary,3-Phase,,,,1000,1,0,1,628.65,$/month,kW,,https://apps.openei.org/IURDB/rate/view/539f6b15ec4f024411ec97f5
Chicago,Commonwealth Edison Co,4110,Industrial,BESH-Very Large Load Delivery Class (Unbundled),53a851e45257a39513e58e6b,2014-06-01,,Primary,3-Phase,,,,,1,0,1,628.65,$/month,,,https://apps.openei.org/IURDB/rate/view/53a851e45257a39513e58e6b
Austin,Austin Energy,1015,Commercial,E06,539fc021ec4f024c27d898c7,,,,,,,,,1,0,1,,,kW,,https://apps.openei.org/IURDB/rate/view/539fc021ec4f024c27d898c7
Chicago,Commonwealth Edison Co,4110,Industrial,Extra Large Load Delivery Class (Retail Delivery Service-Unbundled),539f6cf9ec4f024411ecb029,2014-06-01,,Secondary,3-Phase,,,,,1,0,1,1531.87,$/month,kW,,https://apps.openei.org/IURDB/rate/view/539f6cf9ec4f024411ecb029
Chicago,Commonwealth Edison Co,4110,Industrial,Extra Large Load Delivery Class (Retail Delivery Service-Unbundled),53d00e835257a32818fde0cb,2014-06-01,,Secondary,3-Phase,,,,,1,0,1,1531.87,$/month,,,https://apps.openei.org/IURDB/rate/view/53d00e835257a32818fde0cb
Atlanta,Georgia Power Co,7140,Commercial,Farm Service Schedule FS-17,677da05a257ad898ba008e18,2025-01-01,,Secondary,Single and 3-Phase,,,,,1,0,0,25,$/month,kW,False,https://apps.openei.org/IURDB/rate/view/677da05a257ad898ba008e18
Phoenix,Arizona Public Service Co,803,Commercial,General Service Extra Small Unmetered (E-30),69a70838c1e98824d7034a8a,2026-02-01,,,,,,,,1,0,0,0.444,$/day,,False,https://apps.openei.org/IURDB/rate/view/69a70838c1e98824d7034a8a
Chicago,Commonwealth Edison Co,4110,Industrial,High Voltage Delivery Class (Retail Delivery Service-Unbundled),539f6b82ec4f024411ec9de1,2014-06-01,,Primary,3-Phase,,,,,1,0,1,889.42,$/month,kW,,https://apps.openei.org/IURDB/rate/view/539f6b82ec4f024411ec9de1
Chicago,Commonwealth Edison Co,4110,Industrial,High Voltage Delivery Class (Retail Delivery Service-Unbundled),539fb55cec4f024bc1dbf443,2014-06-01,,Secondary,3-Phase,,,,,1,0,1,889.42,$/month,kW,,https://apps.openei.org/IURDB/rate/view/539fb55cec4f024bc1dbf443
Chicago,Commonwealth Edison Co,4110,Industrial,High Voltage Delivery Class (Retail Delivery Service-Unbundled),53d121c65257a3ef2b5523a6,2014-06-01,,Transmission,3-Phase,,,,,1,0,1,889.42,$/month,,,https://apps.openei.org/IURDB/rate/view/53d121c65257a3ef2b5523a6
Atlanta,Georgia Power Co,7140,Commercial,Irrigation Off-Peak Service IOP-21,677da328afaf0738a30cd89a,2025-01-01,,Secondary,Single and 3-Phase,,,,,1,0,0,43,$/month,kW,False,https://apps.openei.org/IURDB/rate/view/677da328afaf0738a30cd89a
Chicago,Commonwealth Edison Co,4110,Industrial,Large Load Delivery Class (Retail Delivery Service-Unbundled),539fb58dec4f024bc1dbf603,2014-06-01,,Secondary,3-Phase,,,,,1,0,1,97.23,$/month,kW,,https://apps.openei.org/IURDB/rate/view/539fb58dec4f024bc1dbf603
Chicago,Commonwealth Edison Co,4110,Industrial,Large Load Delivery Class (Retail Delivery Service-Unbundled),539fbfa1ec4f024c27d8937b,2014-06-01,,Primary,3-Phase,,,,,1,0,1,97.23,$/month,kW,,https://apps.openei.org/IURDB/rate/view/539fbfa1ec4f024c27d8937b
Chicago,Commonwealth Edison Co,4110,Industrial,Medium Load Delivery Class (Retail Delivery Service-Unbundled),539f70a1ec4f024411ecdc53,2014-06-01,,Secondary,3-Phase,,,,,1,0,1,43,$/month,kW,,https://apps.openei.org/IURDB/rate/view/539f70a1ec4f024411ecdc53
Chicago,Commonwealth Edison Co,4110,Commercial,Medium Load Delivery Class(Retail Delivery Service-Unbundled),539f7193ec4f024411ece7a5,2014-06-01,,Primary,3-Phase,,,,,1,0,1,43,$/month,kW,,https://apps.openei.org/IURDB/rate/view/539f7193ec4f024411ece7a5
Chicago,Commonwealth Edison Co,4110,Commercial,RDS - Watt-Hour Delivery Class,64bfef5b3f71eeb0cc0df06e,2023-06-01,,,,,,,,1,0,0,14.24,$/month,kW,False,https://apps.openei.org/IURDB/rate/view/64bfef5b3f71eeb0cc0df06e
Chicago,Commonwealth Edison Co,4110,Commercial,RDS - Watt-Hour Delivery Class,67a38c66005cdfb35208bcea,2025-01-01,,,,,,,,1,0,0,26.69,$/month,kW,False,https://apps.openei.org/IURDB/rate/view/67a38c66005cdfb35208bcea
Chicago,Commonwealth Edison Co,4110,Industrial,RDS-Extra Large Load Delivery Class (Primary),67a39b31820ecb5224036aef,2025-01-01,,Primary,3-Phase,,,,,1,0,1,2370.95,$/month,kW,False,https://apps.openei.org/IURDB/rate/view/67a39b31820ecb5224036aef
Chicago,Commonwealth Edison Co,4110,Industrial,RDS-Extra Large Load Delivery Class (Secondary),67a39b0c8ba20ebfe607986a,2025-01-01,,Secondary,3-Phase,,,,,1,0,1,2370.95,$/month,,False,https://apps.openei.org/IURDB/rate/view/67a39b0c8ba20ebfe607986a
Chicago,Commonwealth Edison Co,4110,Industrial,RDS-Large Load Delivery Class (Primary),64c009b6250784052f07bbbf,2023-06-01,,Primary,3-Phase,,,,,1,0,1,124.52,$/month,kW,False,https://apps.openei.org/IURDB/rate/view/64c009b6250784052f07bbbf
Chicago,Commonwealth Edison Co,4110,Industrial,RDS-Large Load Delivery Class (Primary),67a38ef09598b903c0055c00,2025-01-01,,Primary,3-Phase,,,,,1,0,1,183.39,$/month,kW,False,https://apps.openei.org/IURDB/rate/view/67a38ef09598b903c0055c00
Chicago,Commonwealth Edison Co,4110,Commercial,RDS-Large Load Delivery Class (Secondary),67a1068a1f657b662505b680,2025-01-01,,Secondary,,,,,,1,0,1,183.89,$/month,,False,https://apps.openei.org/IURDB/rate/view/67a1068a1f657b662505b680
Chicago,Commonwealth Edison Co,4110,Industrial,Railroad Delivery Class(Retail Delivery Service-Unbundled),539f735aec4f024411ecfc11,2014-06-01,,Secondary,3-Phase,,,,,1,0,1,5022.32,$/month,kW,,https://apps.openei.org/IURDB/rate/view/539f735aec4f024411ecfc11
Atlanta,Georgia Power Co,7140,Industrial,SCHEDULE APS-16 AGRICULTURAL PROCESS SERVICE RATE,677da290ee81823f200d73c9,2025-01-01,,,,,,,,1,0,1,43,$/month,kW,False,https://apps.openei.org/IURDB/rate/view/677da290ee81823f200d73c9
Atlanta,Georgia Power Co,7140,Commercial,SCHEDULE SAS-ND-16 SEASONAL AGRICULTURAL SERVICE NON-DEMAND,677da14cc4f2abe4cf06617d,2025-01-01,,,,,,,,1,0,0,65,$/month,kW,False,https://apps.openei.org/IURDB/rate/view/677da14cc4f2abe4cf06617d
Atlanta,Georgia Power Co,7140,Commercial,SCHEDULE TOU-HLF-5 TIME OF USE - HIGH LOAD FACTOR,539fc803ec4f024d2f53e24c,2012-04-01,,,,,,,,1,0,0,243,$/month,kW,,https://apps.openei.org/IURDB/rate/view/539fc803ec4f024d2f53e24c
Atlanta,Georgia Power Co,7140,Commercial,SCHEDULE TOU-MB-4 TIME OF USE - MULTIPLE BUSINESS,539f6f43ec4f024411eccc6f,2013-01-01,,,,,,,,1,0,0,112,$/month,kW,,https://apps.openei.org/IURDB/rate/view/539f6f43ec4f024411eccc6f
Atlanta,Georgia Power Co,7140,Industrial,SCHEDULE TOU-SSD-7 TIME OF USE - SPECIAL SERVICE DEMAND,539f74f5ec4f024411ed0e99,2013-01-01,,,,,,,,1,1,0,3436,$/month,kW,,https://apps.openei.org/IURDB/rate/view/539f74f5ec4f024411ed0e99
Atlanta,Georgia Power Co,7140,Commercial,Schedule OGS-22 Optional General Service,677c638ac0943d05a70bf2a8,2025-01-01,,,,,,,,1,0,0,50,$/month,kW,False,https://apps.openei.org/IURDB/rate/view/677c638ac0943d05a70bf2a8
Atlanta,Georgia Power Co,7140,Commercial,Schedule TOU-EO-17 - Time Of Use - Energy Only,677d7872f0e91dbd290014ea,2025-01-01,,Secondary,Single and 3-Phase,,,,,1,0,1,96,$/month,kW,False,https://apps.openei.org/IURDB/rate/view/677d7872f0e91dbd290014ea
Atlanta,Georgia Power Co,7140,Industrial,Schedule TOU-GSD-17 Time Of Use - General Service Demand,677d7babd4695abc9d0c3f51,2025-01-01,,Secondary,Single and 3-Phase,,,,,1,1,0,193,$/month,kW,False,https://apps.openei.org/IURDB/rate/view/677d7babd4695abc9d0c3f51
Atlanta,Georgia Power Co,7140,Commercial,Schedule UC-10 Unmetered Communication,58f0ff225457a3461408f4b5,2016-06-01,,,,,,,,1,0,0,9,$/month,kW,,https://apps.openei.org/IURDB/rate/view/58f0ff225457a3461408f4b5
Chicago,Commonwealth Edison Co,4110,Commercial,Small Load Delivery Class (Retail Delivery Service-Unbundled),539f748fec4f024411ed09ef,2014-06-01,,Primary,3-Phase,,,,,1,0,1,28.99,$/month,kW,,https://apps.openei.org/IURDB/rate/view/539f748fec4f024411ed09ef
Chicago,Commonwealth Edison Co,4110,Commercial,Small Load Delivery Class(Retail Delivery Service-Unbundled),539f7209ec4f024411ecec91,2014-06-01,,Secondary,3-Phase,,,,,1,0,1,28.99,$/month,kW,,https://apps.openei.org/IURDB/rate/view/539f7209ec4f024411ecec91
San Jose / Bay Area,Pacific Gas & Electric Co,14328,Commercial,TC-1 Traffic Control Service,69de8c53c3f455511f0635a0,2026-03-27,,,,,,,,1,0,0,0.49281,$/day,,False,https://apps.openei.org/IURDB/rate/view/69de8c53c3f455511f0635a0
Phoenix,Arizona Public Service Co,803,Commercial,Time Advantage Super Peak 7pm to noon,539fc0ecec4f024c27d8a11f,,,,,,,,,1,0,0,,,kW,,https://apps.openei.org/IURDB/rate/view/539fc0ecec4f024c27d8a11f
Atlanta,Georgia Power Co,7140,Commercial,Time of Use-High Load Factor Schedule TOU-HLF-16,677d9f1ad4695abc9d0c3f52,2025-01-01,,Secondary,Single and 3-Phase,,,,,1,0,0,227,$/month,kW,False,https://apps.openei.org/IURDB/rate/view/677d9f1ad4695abc9d0c3f52
Austin,Austin Energy,1015,Industrial,Transmission Service - Inside Austin,68b7bdb4922a13f3210cf51b,2025-05-01,,Transmission,,,,,,1,0,1,3641,$/month,,False,https://apps.openei.org/IURDB/rate/view/68b7bdb4922a13f3210cf51b
Austin,Austin Energy,1015,Industrial,Transmission Service - Outside Austin,68b7bec0be8cb9482207e4ad,2025-05-01,,Transmission,,,,,,1,0,1,3641.4,$/month,,False,https://apps.openei.org/IURDB/rate/view/68b7bec0be8cb9482207e4ad
Chicago,Commonwealth Edison Co,4110,Industrial,Very Large Load Delivery Class (Retail Delivery Service-Unbundled),539fbdc7ec4f024c27d87f07,2014-06-01,,Secondary,3-Phase,,,,,1,0,1,628.65,$/month,kW,,https://apps.openei.org/IURDB/rate/view/539fbdc7ec4f024c27d87f07
Chicago,Commonwealth Edison Co,4110,Industrial,Very Large Load Delivery Class (Retail Delivery Service-Unbundled),539fbe0fec4f024c27d88247,2014-06-01,,Primary,3-Phase,,,,,1,0,1,628.65,$/month,kW,,https://apps.openei.org/IURDB/rate/view/539fbe0fec4f024c27d88247
Chicago,Commonwealth Edison Co,4110,Commercial,Watt - Hour Delivery Class(Retail Delivery Service-Unbundled),539fbaadec4f024bc1dc303b,2014-06-01,,Secondary,Single and 3-Phase,,,,,1,0,0,17.35,$/month,kW,,https://apps.openei.org/IURDB/rate/view/539fbaadec4f024bc1dc303b
