caveat_id,sort_rank,category,title,metro_scope,priced,usd_per_year,usd_per_it_mwh,direction,ruling_ref,source_ref,statement
C-FERC-H13,1,unpriced,ComEd FERC OATT Attachment H-13 take-or-pay floor,Chicago,0,,,understates,Dockets 25-0677/25-0679,era_ph4_report_v1.1.md section 6,"A ten-year FERC-jurisdictional Transmission Security Agreement guaranteeing that annual PJM transmission payments under OATT Attachment H-13 do not fall below what the submitted load ramp implies, with any shortfall recovered from the customer. It is the single largest UNPRICED item in this project and it carries no dollar figure here, which is the point."
C-CAPEX,2,unpriced,Substation and interconnection capex transfer,Columbus;Dallas-Fort Worth;San Jose / Bay Area,0,,,understates,-,era_ph4_report_v1.1.md section 8 caveat 1,Every voltage sibling is priced against an UNPRICED transfer of substation and interconnection capex onto the customer. It is stated wherever a sibling appears and it is in no total.
C-RETAIL-PROXY,3,unpriced,Retail schedules stand proxy for a >100 MW contract,all,0,,,unknown,direction_ph1_tariff_db_v1.0.md,direction_ph1_tariff_db_v1.0.md; semester-plan.md,"A giga-scale campus exceeds every published retail schedule in the library. The largest published schedule is used as a documented proxy for a negotiated large-load contract, and the negotiated contract is what a real campus would sign."
C-VOLT-EXCL,4,excluded,"Three voltage siblings, priced and deliberately EXCLUDED",Columbus;Dallas-Fort Worth;San Jose / Bay Area,1,-741104525.28,-93.894937,would overstate,-,era_ph4_report_v1.1.md section 4,"M-COL-VOLT, M-DFW-VOLT and M-SJ-VOLT are BASELINE-SIDE: the published baseline is already billed on the higher-voltage schedule. Counting them again would overstate the mitigation by 2.7x the entire real stack. They are shown as an excluded band, never as an absence."
C-PGE-OPT-R,5,unavailable,PG&E Option R is unavailable to a load of this shape,San Jose / Bay Area,1,91828409.00,11.634300,overstates cost if elected,Ruling 10,era_ph4_report_v1.1.md section 4,"The modelled battery is 8.32 % of the 1,201,596 kW facility peak against an eligibility floor of 20 %. Priced anyway it is a net LOSS, and the dominant term is the shared energy uplift rather than the demand structure."
C-PGE-OPT-S,6,unavailable,PG&E Option S is unavailable to a load of this shape,San Jose / Bay Area,1,103339369.00,13.092700,overstates cost if elected,Ruling 10,era_ph4_report_v1.1.md section 4,"Against a 10 % floor, and Option S's smallest qualifying system is 2.403x the entire 50 MW B-20 programme cap - unreachable by construction, and barred on day one at a new location by the sheet's own words."
C-F4C-7,7,open_ruling,ComEd Rate BESH's determinants are UNRULED (Chicago pair),Chicago,1,-7934035.00,,either,Ruling 17,era_ph4_report_v1.1.md section 5,"Three Rate BESH rows carry determinant_is_assumption = 1. The tariff reading is probably right, but adopting it means ratifying a five-hour coincident-peak expected value, which is a work unit. Chicago publishes as a PAIR until it lands."
C-F4B-2,8,open_ruling,Dominion GS-4's ratchet is UNRULED (Northern Virginia pair),Northern Virginia,1,7901881.12,,either,Ruling 16,era_ph4_report_v1.1.md section 5,GS-4 puts one 100 % ratchet on one distribution demand charge and the schema folds that charge into two TOU rows. NEITHER priced end is believed to be the tariff's answer; the tariff's own reading is a third construction nobody has priced.
C-CHI-5CP,9,limitation,Chicago's PJM coincident-peak window is DECLARED and UNRATIFIED,Chicago,0,,,unknown,Ruling 17,era_ph4_report_v1.1.md section 8 caveat 2,"June-September, 15:00-19:00 prevailing clock, weekdays, mirroring the ratified ERCOT 4CP construction. It is the alternative end of the Chicago bracket and the strategy that end dispatches against."
C-PUE-BIAS,10,limitation,The PUE overlay OVERSTATES PUE at the hottest intervals,all,0,,,upper bound,Ruling 14,era_ph4_report_v1.1.md section 8 caveat 6,"Above the 25.556 C design wet bulb the economiser is fully out and the only remaining channel is the chiller's own 1.5 %/F - a marginal slope of 0.00198 PUE/C against the chord's 0.00471. The bias is up to 0.0184 at Phoenix, 0.0171 at Austin and 0.0122 at Dallas-Fort Worth, and that interval sets the demand charge in five of eight metros. Every figure is an UPPER bound in that channel; the two-segment form is scheduled and cannot change the order."
C-ALPHA-DOMAIN,11,limitation,The alpha elasticity domain was silently narrowed,all,0,,,record,Ruling 15,era_ph4_report_v1.1.md section 8 caveat 7,"Unit 2F published 4.947 at its own reporting level L = 1.20; at the ruled L = 1.150 the same construction gives 4.7405, which Unit 4A's gate has been enforcing. The operative alpha is 2.8311."
C-BAND-25,12,limitation,"The +/-25 % market bands, and the one adjacency they touch",Chicago;Columbus;Dallas-Fort Worth,0,,,either,F2Fb-2 / F2Fb-4,era_ph2_report_v1.2.md section 4,"The three CHEAPEST metros are exactly the three banded ones, so the top of the ranking is its least certain part. Columbus's upper edge crosses Chicago's central, and that pair is the ONLY adjacency the bands touch anywhere in the table. THE SIZE OF THE CROSSING DEPENDS ON THE BASIS: 0.9742 $/MWh on the Phase 2 METERED basis, which is the 0.97 era_ph2_report_v1.2.md publishes, against 0.8042 $/MWh on the PUBLISHED FACILITY basis these extracts are on. A view built on G1 must quote the facility figure. Both parameters now come from one table and one statistic, so moving them independently is not a scenario that can happen."
C-F4D-8,13,limitation,"Atlanta and Phoenix are a LIBRARY GAP, not a tariff finding",Atlanta;Phoenix,0,,,understates mitigation,Ruling 19,era_ph4_report_v1.1.md section 4,"Georgia Power's and APS's tariff books have not been read for electives with the thoroughness ComEd's and Dominion's have. That is a statement about this project's reading, not about those tariffs. It cannot move the order."
C-F4M-13,14,limitation,PG&E Peak Day Pricing is absent from the library,San Jose / Bay Area,0,,,either,Ruling 11,era_ph4_report_v1.1.md section 4,Worth $32.48/kW-yr of summer demand credit against a $0.90/kWh event charge. It is the ONLY elective in the library that is a RISK TRADE and could go the wrong way for an uncurtailable load.
C-F4M-3,15,limitation,Dallas-Fort Worth's parameter deserves less confidence,Dallas-Fort Worth,1,,0.885680,either,Ruling 9,era_ph4_report_v1.1.md section 8 caveat 8,ERCOT North's implied load-weighting premium is +0.198 % against a PJM minimum of +5.72 %. Either the corroborating annual figure is itself load-weighted - in which case parity is already broken inside DFW's own source - or ERCOT North's 2025 duration curve really was that flat. Re-targeting to $35.34/MWh was priced and declined.
C-SJ-PF,16,limitation,"M-SJ-PF is a CORRECTION, not an election",San Jose / Bay Area,1,-6422042.34,-0.813647,corrects an overstatement,F4D-6,era_ph4_report_v1.1.md section 8 caveat 4,"San Jose reads 0.70 $/metered-MWh high because the engine does not evaluate a mechanic the database holds. It is in the mitigated stack on that footing, not as a tariff election the customer chooses."
C-OHIO-EXCISE,17,limitation,The recorded Ohio kWh excise figure was wrong by 1.95x,Columbus,1,-16187651.92,-2.050910,corrected,F4D-1,era_ph4_report_v1.1.md section 8 caveat 5,"The published stack carries the DERIVED value, not the recorded estimate. An estimate flagged as one is a debt, and it came due."
C-EXCISE-ALLOC,18,limitation,The Ohio statutory liability has no monthly form and G3 ALLOCATES it,Columbus,1,17239632.05,,allocation,Unit 5A,era_ph5_dictionary_v1.0.md,ORC 5727.81(C) is an ANNUAL self-assessment with an annual 500 GWh tier breakpoint and an annual per-location fee. G3 spreads it across the twelve months on the month's share of metered kWh. The annual total is exact; the monthly split is a DECLARED ALLOCATION and the only one in the four grains.
C-STATION-POINT,19,limitation,"The map point is a weather STATION, not a site",all,0,,,presentation,Unit 5A,era_ph5_dictionary_v1.0.md,G1's station_latitude and station_longitude are read from the metro's own EPW LOCATION line - the station this project's PUE overlay is driven by. No site has been chosen in any metro and the columns are named so that they cannot be read as one.
C-F4C-8,20,discharged,The PG&E instrument question is DISCHARGED on eligibility,San Jose / Bay Area,1,,,closed,Ruling 10,era_ph4_report_v1.1.md section 8 caveat 3,"Closed on eligibility rather than on value: the advertised storage tariff does not reach a load this size. That is a siting finding, not a gap."
C-F4B-3,21,discharged,DCT-T's inert ratchet is DISCHARGED on measurement,Columbus,1,0.00,0.000000,closed,Ruling 12,era_ph4_report_v1.1.md section 5,"$0.00 measured four times. DCT-T's 85 % capacity floor is 1,040,584 kW against a lowest monthly 30-minute peak of 1,140,126 kW - 99,542 kW of headroom - and the floor is anchored on a CONTRACT, so shaving the peak does not move it."
