metro,month,month_name,stage,value_type,load_series,energy_usd,market_usd,demand_usd,rider_usd,fixed_usd,statutory_usd,total_usd,kwh,ncp_kw_15min,ncp_kw_30min,billed_kw_15min,billed_kw_30min,cp4_kw,ratchet_binding,storage_discharge_mwh,storage_charge_mwh,storage_cap_kw,pue_basis
Atlanta,1,Jan,baseline,level,baseline,71758141.62045237,0.00000000,18367156.75848715,0.00000000,293.31958301,0.00000000,90125591.69852254,739182621.064251,1178819.640000,1176101.985500,1178819.640000,1176101.985500,1126159.804090,0,,,,plant_derived_4a
Atlanta,1,Jan,measures,delta,baseline,0.00000000,0.00000000,0.00000000,0.00000000,0.00000000,0.00000000,0.00000000,,,,,,,,,,,plant_derived_4a
Atlanta,1,Jan,storage,delta,dispatched,-488100.04279909,0.00000000,-292752.13675937,0.00000000,0.00000000,0.00000000,-780852.17955845,739216245.171856,1157356.222406,1157356.222406,1157356.222406,1157356.222406,1125447.640805,0,190.536610,224.160717,1157356.222406,plant_derived_4a
Atlanta,1,Jan,mitigated,level,dispatched,71270041.57765329,0.00000000,18074404.62172778,0.00000000,293.31958301,0.00000000,89344739.51896408,,,,,,,,,,,plant_derived_4a
Atlanta,2,Feb,baseline,level,baseline,67667571.41614258,0.00000000,18386735.30089323,0.00000000,293.31958301,0.00000000,86054600.03661883,667779867.231751,1179737.314000,1177355.656000,1179737.314000,1177355.656000,1126159.804090,0,,,,plant_derived_4a
Atlanta,2,Feb,measures,delta,baseline,0.00000000,0.00000000,0.00000000,0.00000000,0.00000000,0.00000000,0.00000000,,,,,,,,,,,plant_derived_4a
Atlanta,2,Feb,storage,delta,dispatched,-670383.15756033,0.00000000,-447116.99379940,0.00000000,0.00000000,0.00000000,-1117500.15135973,667879448.102616,1148725.466196,1148725.466196,1148725.466196,1148725.466196,1125447.640805,0,564.291602,663.872472,1148725.466196,plant_derived_4a
Atlanta,2,Feb,mitigated,level,dispatched,66997188.25858226,0.00000000,17939618.30709383,0.00000000,293.31958301,0.00000000,84937099.88525911,,,,,,,,,,,plant_derived_4a
Atlanta,3,Mar,baseline,level,baseline,73968316.61932515,0.00000000,18658910.46144779,0.00000000,293.31958301,0.00000000,92627520.40035595,770218679.506250,1199357.595000,1194783.816000,1199357.595000,1194783.816000,1126159.804090,0,,,,plant_derived_4a
Atlanta,3,Mar,measures,delta,baseline,0.00000000,0.00000000,0.00000000,0.00000000,0.00000000,0.00000000,0.00000000,,,,,,,,,,,plant_derived_4a
Atlanta,3,Mar,storage,delta,dispatched,-718905.35431607,0.00000000,-432469.42444317,0.00000000,0.00000000,0.00000000,-1151374.77875924,770306971.133100,1167091.552279,1167091.552279,1167091.552279,1167091.552279,1125447.640805,0,500.319219,588.610846,1167091.552279,plant_derived_4a
Atlanta,3,Mar,mitigated,level,dispatched,73249411.26500908,0.00000000,18226441.03700462,0.00000000,293.31958301,0.00000000,91476145.62159671,,,,,,,,,,,plant_derived_4a
Atlanta,4,Apr,baseline,level,baseline,73422820.54425636,0.00000000,18718927.69582084,0.00000000,293.31958301,0.00000000,92142041.55966021,758575851.410001,1204914.812000,1198626.892500,1204914.812000,1198626.892500,1126159.804090,0,,,,plant_derived_4a
Atlanta,4,Apr,measures,delta,baseline,0.00000000,0.00000000,0.00000000,0.00000000,0.00000000,0.00000000,0.00000000,,,,,,,,,,,plant_derived_4a
Atlanta,4,Apr,storage,delta,dispatched,-570253.42820460,0.00000000,-341406.82442125,0.00000000,0.00000000,0.00000000,-911660.25262585,758596456.074210,1176765.629521,1176765.629521,1176765.629521,1176765.629521,1125447.640805,0,116.759764,137.364428,1176765.629521,plant_derived_4a
Atlanta,4,Apr,mitigated,level,dispatched,72852567.11605176,0.00000000,18377520.87139959,0.00000000,293.31958301,0.00000000,91230381.30703436,,,,,,,,,,,plant_derived_4a
Atlanta,5,May,baseline,level,baseline,74511532.11325350,0.00000000,18662690.81603427,0.00000000,293.31958301,0.00000000,93174516.24887079,779895833.290002,1198704.252000,1195025.883000,1198704.252000,1195025.883000,1126159.804090,0,,,,plant_derived_4a
Atlanta,5,May,measures,delta,baseline,0.00000000,0.00000000,0.00000000,0.00000000,0.00000000,0.00000000,0.00000000,,,,,,,,,,,plant_derived_4a
Atlanta,5,May,storage,delta,dispatched,-379713.62246647,0.00000000,-229415.60046330,0.00000000,0.00000000,0.00000000,-609129.22292978,779972410.404362,1180335.740875,1180335.740875,1180335.740875,1180335.740875,1125447.640805,0,433.936981,510.514096,1180335.740875,plant_derived_4a
Atlanta,5,May,mitigated,level,dispatched,74131818.49078703,0.00000000,18433275.21557097,0.00000000,293.31958301,0.00000000,92565387.02594101,,,,,,,,,,,plant_derived_4a
Atlanta,6,Jun,baseline,level,baseline,79011063.27248478,0.00000000,19005486.11491407,0.00000000,293.31958301,0.00000000,98016842.70698187,806742420.353251,1223790.593000,1216976.054000,1223790.593000,1216976.054000,1126159.804090,0,,,,plant_derived_4a
Atlanta,6,Jun,measures,delta,baseline,0.00000000,0.00000000,0.00000000,0.00000000,0.00000000,0.00000000,0.00000000,,,,,,,,,,,plant_derived_4a
Atlanta,6,Jun,storage,delta,dispatched,-605494.28336155,0.00000000,-366577.99721758,0.00000000,0.00000000,0.00000000,-972072.28057913,806879687.052103,1193503.008278,1193503.008278,1193503.008278,1193503.008278,1125447.640805,0,777.844627,915.111326,1193503.008278,plant_derived_4a
Atlanta,6,Jun,mitigated,level,dispatched,78405568.98912323,0.00000000,18638908.11769649,0.00000000,293.31958301,0.00000000,97044770.42640273,,,,,,,,,,,plant_derived_4a
Atlanta,7,Jul,baseline,level,baseline,81727062.09249307,0.00000000,19123143.76577043,0.00000000,293.31958301,0.00000000,100850499.17784652,849803629.466249,1228693.208000,1224510.012500,1228693.208000,1224510.012500,1126159.804090,0,,,,plant_derived_4a
Atlanta,7,Jul,measures,delta,baseline,0.00000000,0.00000000,0.00000000,0.00000000,0.00000000,0.00000000,0.00000000,,,,,,,,,,,plant_derived_4a
Atlanta,7,Jul,storage,delta,dispatched,-754848.55750002,0.00000000,-457174.62699694,0.00000000,0.00000000,0.00000000,-1212023.18449696,849979751.757237,1195235.803454,1195235.803454,1195235.803454,1195235.803454,1125447.640805,0,1018.024727,1197.676150,1195235.803454,plant_derived_4a
Atlanta,7,Jul,mitigated,level,dispatched,80972213.53499305,0.00000000,18665969.13877349,0.00000000,293.31958301,0.00000000,99638475.99334955,,,,,,,,,,,plant_derived_4a
Atlanta,8,Aug,baseline,level,baseline,80386890.08538759,0.00000000,18972826.26223565,0.00000000,293.31958301,0.00000000,99360009.66720624,831195207.962501,1218651.211000,1214884.749500,1218651.211000,1214884.749500,1126159.804090,0,,,,plant_derived_4a
Atlanta,8,Aug,measures,delta,baseline,0.00000000,0.00000000,0.00000000,0.00000000,0.00000000,0.00000000,0.00000000,,,,,,,,,,,plant_derived_4a
Atlanta,8,Aug,storage,delta,dispatched,-514229.74456009,0.00000000,-311177.75643459,0.00000000,0.00000000,0.00000000,-825407.50099469,831307581.610431,1195235.803454,1194959.140872,1195235.803454,1194959.140872,1125447.640805,0,616.785593,725.630110,1194959.140872,plant_derived_4a
Atlanta,8,Aug,mitigated,level,dispatched,79872660.34082749,0.00000000,18661648.50580106,0.00000000,293.31958301,0.00000000,98534602.16621156,,,,,,,,,,,plant_derived_4a
Atlanta,9,Sep,baseline,level,baseline,79202252.90628034,0.00000000,18902718.30607153,0.00000000,293.31958301,0.00000000,98105264.53193487,812950750.115749,1214592.611000,1210395.535000,1214592.611000,1210395.535000,1126159.804090,0,,,,plant_derived_4a
Atlanta,9,Sep,measures,delta,baseline,0.00000000,0.00000000,0.00000000,0.00000000,0.00000000,0.00000000,0.00000000,,,,,,,,,,,plant_derived_4a
Atlanta,9,Sep,storage,delta,dispatched,-609073.02105227,0.00000000,-366345.89605294,0.00000000,0.00000000,0.00000000,-975418.91710521,813020201.523761,1187540.875000,1186937.351385,1187540.875000,1186937.351385,1125447.640805,0,434.277817,510.915079,1186937.351385,plant_derived_4a
Atlanta,9,Sep,mitigated,level,dispatched,78593179.88522807,0.00000000,18536372.41001859,0.00000000,293.31958301,0.00000000,97129845.61482967,,,,,,,,,,,plant_derived_4a
Atlanta,10,Oct,baseline,level,baseline,75497734.68533939,0.00000000,18803050.62318156,0.00000000,293.31958301,0.00000000,94301078.62810396,793437451.025000,1207849.667000,1204013.526000,1207849.667000,1204013.526000,1126159.804090,0,,,,plant_derived_4a
Atlanta,10,Oct,measures,delta,baseline,0.00000000,0.00000000,0.00000000,0.00000000,0.00000000,0.00000000,0.00000000,,,,,,,,,,,plant_derived_4a
Atlanta,10,Oct,storage,delta,dispatched,-377911.31346393,0.00000000,-227542.82427572,0.00000000,0.00000000,0.00000000,-605454.13773965,793490018.251352,1189443.303132,1189443.303132,1189443.303132,1189443.303132,1125447.640805,0,257.161111,302.542483,1189443.303132,plant_derived_4a
Atlanta,10,Oct,mitigated,level,dispatched,75119823.37187546,0.00000000,18575507.79890584,0.00000000,293.31958301,0.00000000,93695624.49036431,,,,,,,,,,,plant_derived_4a
Atlanta,11,Nov,baseline,level,baseline,70982242.74800318,0.00000000,18513960.27058213,0.00000000,293.31958301,0.00000000,89496496.33816834,720768831.967749,1191941.025000,1185502.237500,1191941.025000,1185502.237500,1126159.804090,0,,,,plant_derived_4a
Atlanta,11,Nov,measures,delta,baseline,0.00000000,0.00000000,0.00000000,0.00000000,0.00000000,0.00000000,0.00000000,,,,,,,,,,,plant_derived_4a
Atlanta,11,Nov,storage,delta,dispatched,-323586.94023022,0.00000000,-194316.49479900,0.00000000,0.00000000,0.00000000,-517903.43502922,720798238.151759,1173059.592274,1173059.592274,1173059.592274,1173059.592274,1125447.640805,0,166.635043,196.041227,1173059.592274,plant_derived_4a
Atlanta,11,Nov,mitigated,level,dispatched,70658655.80777296,0.00000000,18319643.77578313,0.00000000,293.31958301,0.00000000,88978592.90313911,,,,,,,,,,,plant_derived_4a
Atlanta,12,Dec,baseline,level,baseline,73634383.75363347,0.00000000,18523543.58900682,0.00000000,293.31958301,0.00000000,92158220.66222331,768283285.022251,1186174.066000,1186115.885000,1186174.066000,1186115.885000,1126159.804090,0,,,,plant_derived_4a
Atlanta,12,Dec,measures,delta,baseline,0.00000000,0.00000000,0.00000000,0.00000000,0.00000000,0.00000000,0.00000000,,,,,,,,,,,plant_derived_4a
Atlanta,12,Dec,storage,delta,dispatched,-770168.97893237,0.00000000,-462810.41423670,0.00000000,0.00000000,0.00000000,-1232979.39316906,768362864.782998,1156480.800253,1156480.800253,1156480.800253,1156480.800253,1125447.640805,0,450.951978,530.531738,1156480.800253,plant_derived_4a
Atlanta,12,Dec,mitigated,level,dispatched,72864214.77470110,0.00000000,18060733.17477012,0.00000000,293.31958301,0.00000000,90925241.26905425,,,,,,,,,,,plant_derived_4a
Austin,1,Jan,baseline,level,baseline,36337995.47987285,0.00000000,23670775.23525000,0.00000000,3004.16000000,0.00000000,60011774.87512285,741894558.592749,1190084.225000,1187111.499000,1190084.225000,1187111.499000,1133447.503685,0,,,,plant_derived_4a
Austin,1,Jan,measures,delta,baseline,-6350617.42155394,0.00000000,-595042.11250000,0.00000000,18844.24000000,0.00000000,-6926815.29405393,,,,,,,,,,,plant_derived_4a
Austin,1,Jan,storage,delta,dispatched,3921.35495614,0.00000000,-592491.75561376,0.00000000,0.00000000,0.00000000,-588570.40065762,741974618.922601,1160295.800887,1160295.800887,1160295.800887,1160295.800887,1132894.445928,0,453.675203,533.735532,1160295.800887,plant_derived_4a
Austin,1,Jan,mitigated,level,dispatched,29991299.41327506,0.00000000,22483241.36713624,0.00000000,21848.40000000,0.00000000,52496389.18041130,,,,,,,,,,,plant_derived_4a
Austin,2,Feb,baseline,level,baseline,32815959.03586680,0.00000000,23766209.10611999,0.00000000,3004.16000000,0.00000000,56585172.30198678,669986913.757999,1194882.308000,1190580.024500,1194882.308000,1190580.024500,1133447.503685,0,,,,plant_derived_4a
Austin,2,Feb,measures,delta,baseline,-5735087.98176848,0.00000000,-597441.15400000,0.00000000,18844.24000000,0.00000000,-6313684.89576847,,,,,,,,,,,plant_derived_4a
Austin,2,Feb,storage,delta,dispatched,1258.34287784,0.00000000,-436260.21659336,0.00000000,0.00000000,0.00000000,-435001.87371552,670012604.710997,1172948.662118,1172948.662118,1172948.662118,1172948.662118,1132894.445928,0,145.582067,171.273020,1172948.662118,plant_derived_4a
Austin,2,Feb,mitigated,level,dispatched,27082129.39697616,0.00000000,22732507.73552664,0.00000000,21848.40000000,0.00000000,49836485.53250279,,,,,,,,,,,plant_derived_4a
Austin,3,Mar,baseline,level,baseline,38096451.64211943,0.00000000,23785225.77600000,0.00000000,3004.16000000,0.00000000,61884681.57811943,777796072.725999,1195838.400000,1190324.614000,1195838.400000,1190324.614000,1133447.503685,0,,,,plant_derived_4a
Austin,3,Mar,measures,delta,baseline,-6657934.38253455,0.00000000,-597919.20000000,0.00000000,18844.24000000,0.00000000,-7237009.34253455,,,,,,,,,,,plant_derived_4a
Austin,3,Mar,storage,delta,dispatched,5038.68309667,0.00000000,-396214.76714568,0.00000000,0.00000000,0.00000000,-391176.08404901,777898944.981954,1175918.099993,1175918.099993,1175918.099993,1175918.099993,1132894.445928,0,582.942784,685.815040,1175918.099993,plant_derived_4a
Austin,3,Mar,mitigated,level,dispatched,31443555.94268155,0.00000000,22791091.80885433,0.00000000,21848.40000000,0.00000000,54256496.15153588,,,,,,,,,,,plant_derived_4a
Austin,4,Apr,baseline,level,baseline,37753032.75024582,0.00000000,24330547.91700000,0.00000000,3004.16000000,0.00000000,62086584.82724581,770784662.112001,1223255.300000,1217147.447000,1223255.300000,1217147.447000,1133447.503685,0,,,,plant_derived_4a
Austin,4,Apr,measures,delta,baseline,-6597916.70767873,0.00000000,-611627.64999999,0.00000000,18844.24000000,0.00000000,-7190700.11767873,,,,,,,,,,,plant_derived_4a
Austin,4,Apr,storage,delta,dispatched,3113.04537868,0.00000000,-669984.79154074,0.00000000,0.00000000,0.00000000,-666871.74616206,770848219.592170,1189570.795649,1189570.795649,1189570.795649,1189570.795649,1132894.445928,0,360.159054,423.716534,1189570.795649,plant_derived_4a
Austin,4,Apr,mitigated,level,dispatched,31158229.08794577,0.00000000,23048935.47545926,0.00000000,21848.40000000,0.00000000,54229012.96340503,,,,,,,,,,,plant_derived_4a
Austin,5,May,baseline,level,baseline,38392545.05997670,0.00000000,24277603.14369000,0.00000000,3004.16000000,0.00000000,62673152.36366670,783841262.964000,1220593.421000,1216298.764500,1220593.421000,1216298.764500,1133447.503685,0,,,,plant_derived_4a
Austin,5,May,measures,delta,baseline,-6709681.21097184,0.00000000,-610296.71049999,0.00000000,18844.24000000,0.00000000,-7301133.68147183,,,,,,,,,,,plant_derived_4a
Austin,5,May,storage,delta,dispatched,4152.07649410,0.00000000,-528831.36547507,0.00000000,0.00000000,0.00000000,-524679.28898097,783926033.819330,1194005.619820,1194005.619820,1194005.619820,1194005.619820,1132894.445928,0,480.368180,565.139036,1194005.619820,plant_derived_4a
Austin,5,May,mitigated,level,dispatched,31687015.92549896,0.00000000,23138475.06771493,0.00000000,21848.40000000,0.00000000,54847339.39321389,,,,,,,,,,,plant_derived_4a
Austin,6,Jun,baseline,level,baseline,39582378.56766313,0.00000000,24535490.61833999,0.00000000,3004.16000000,0.00000000,64120873.34600312,808133494.644000,1233559.106000,1227997.611500,1233559.106000,1227997.611500,1133447.503685,0,,,,plant_derived_4a
Austin,6,Jun,measures,delta,baseline,-6917622.71415264,0.00000000,-616779.55300000,0.00000000,18844.24000000,0.00000000,-7515558.02715264,,,,,,,,,,,plant_derived_4a
Austin,6,Jun,storage,delta,dispatched,3605.94749208,0.00000000,-644348.64659462,0.00000000,0.00000000,0.00000000,-640742.69910254,808207115.458457,1201163.497825,1201163.497825,1201163.497825,1201163.497825,1132894.445928,0,417.184615,490.805430,1201163.497825,plant_derived_4a
Austin,6,Jun,mitigated,level,dispatched,32668361.80100257,0.00000000,23274362.41874538,0.00000000,21848.40000000,0.00000000,55964572.61974794,,,,,,,,,,,plant_derived_4a
Austin,7,Jul,baseline,level,baseline,41879204.09079795,0.00000000,24423546.37671000,0.00000000,3004.16000000,0.00000000,66305754.62750794,855026624.965250,1227930.939000,1217135.982000,1227930.939000,1217135.982000,1133447.503685,0,,,,plant_derived_4a
Austin,7,Jul,measures,delta,baseline,-7319027.90970254,0.00000000,-613965.46950000,0.00000000,18844.24000000,0.00000000,-7914149.13920254,,,,,,,,,,,plant_derived_4a
Austin,7,Jul,storage,delta,dispatched,7169.89004224,0.00000000,-524296.05438346,0.00000000,0.00000000,0.00000000,-517126.16434122,855173009.000412,1201571.157482,1201571.157482,1201571.157482,1201571.157482,1132894.445928,0,909.762946,1070.309348,1201571.157482,plant_derived_4a
Austin,7,Jul,mitigated,level,dispatched,34567346.07113764,0.00000000,23285284.85282654,0.00000000,21848.40000000,0.00000000,57874479.32396419,,,,,,,,,,,plant_derived_4a
Austin,8,Aug,baseline,level,baseline,40785312.17308752,0.00000000,24409880.47485000,0.00000000,3004.16000000,0.00000000,65198196.80793752,832693184.424000,1227243.865000,1223154.245000,1227243.865000,1223154.245000,1133447.503685,0,,,,plant_derived_4a
Austin,8,Aug,measures,delta,baseline,-7127853.65866944,0.00000000,-613621.93249999,0.00000000,18844.24000000,0.00000000,-7722631.35116944,,,,,,,,,,,plant_derived_4a
Austin,8,Aug,storage,delta,dispatched,5521.84603084,0.00000000,-510630.15252346,0.00000000,0.00000000,0.00000000,-505108.30649262,832805921.174323,1201571.157482,1201571.157482,1201571.157482,1201571.157482,1132894.445928,0,558.588172,657.162556,1198789.320126,plant_derived_4a
Austin,8,Aug,mitigated,level,dispatched,33662980.36044892,0.00000000,23285628.38982654,0.00000000,21848.40000000,0.00000000,56970457.15027546,,,,,,,,,,,plant_derived_4a
Austin,9,Sep,baseline,level,baseline,40403579.45347737,0.00000000,24338663.07678000,0.00000000,3004.16000000,0.00000000,64745246.69025736,824899539.678999,1223663.302000,1217448.665500,1223663.302000,1217448.665500,1133447.503685,0,,,,plant_derived_4a
Austin,9,Sep,measures,delta,baseline,-7061140.05965224,0.00000000,-611831.65100000,0.00000000,18844.24000000,0.00000000,-7654127.47065223,,,,,,,,,,,plant_derived_4a
Austin,9,Sep,storage,delta,dispatched,2782.36885413,0.00000000,-383318.34556120,0.00000000,0.00000000,0.00000000,-380535.97670707,824956345.903052,1204391.389202,1204391.389202,1204391.389202,1204391.389202,1132894.445928,0,321.901936,378.708160,1204391.389202,plant_derived_4a
Austin,9,Sep,mitigated,level,dispatched,33345221.76267926,0.00000000,23343513.08021880,0.00000000,21848.40000000,0.00000000,56710583.24289805,,,,,,,,,,,plant_derived_4a
Austin,10,Oct,baseline,level,baseline,39160785.91188149,0.00000000,24110420.37417000,0.00000000,3004.16000000,0.00000000,63274210.44605149,799526049.650500,1212188.053000,1208478.532500,1212188.053000,1208478.532500,1133447.503685,0,,,,plant_derived_4a
Austin,10,Oct,measures,delta,baseline,-6843942.98500828,0.00000000,-606094.02649999,0.00000000,18844.24000000,0.00000000,-7431192.77150828,,,,,,,,,,,plant_derived_4a
Austin,10,Oct,storage,delta,dispatched,3876.19817936,0.00000000,-462500.22847577,0.00000000,0.00000000,0.00000000,-458624.03029642,799605188.037175,1188935.150613,1188935.150613,1188935.150613,1188935.150613,1132894.445928,0,448.450858,527.589244,1188935.150613,plant_derived_4a
Austin,10,Oct,mitigated,level,dispatched,32320719.12505256,0.00000000,23041826.11919423,0.00000000,21848.40000000,0.00000000,55384393.64424679,,,,,,,,,,,plant_derived_4a
Austin,11,Nov,baseline,level,baseline,35740444.59285831,0.00000000,24176563.07742000,0.00000000,3004.16000000,0.00000000,59920011.83027831,729694662.981999,1215513.478000,1210184.049000,1215513.478000,1210184.049000,1133447.503685,0,,,,plant_derived_4a
Austin,11,Nov,measures,delta,baseline,-6246186.31512591,0.00000000,-607756.73900000,0.00000000,18844.24000000,0.00000000,-6835098.81412591,,,,,,,,,,,plant_derived_4a
Austin,11,Nov,storage,delta,dispatched,1070.62835830,0.00000000,-481974.48212660,0.00000000,0.00000000,0.00000000,-480903.85376831,729716521.462160,1191281.477893,1191281.477893,1191281.477893,1191281.477893,1132894.445928,0,123.864721,145.723201,1191281.477893,plant_derived_4a
Austin,11,Nov,mitigated,level,dispatched,29495328.90609069,0.00000000,23086831.85629340,0.00000000,21848.40000000,0.00000000,52604009.16238409,,,,,,,,,,,plant_derived_4a
Austin,12,Dec,baseline,level,baseline,37935179.05271894,0.00000000,23862771.15768000,0.00000000,3004.16000000,0.00000000,61800954.37039894,774503451.464250,1199737.112000,1193323.151000,1199737.112000,1193323.151000,1133447.503685,0,,,,plant_derived_4a
Austin,12,Dec,measures,delta,baseline,-6629749.54453398,0.00000000,-599868.55600000,0.00000000,18844.24000000,0.00000000,-7210773.86053398,,,,,,,,,,,plant_derived_4a
Austin,12,Dec,storage,delta,dispatched,2022.15990693,0.00000000,-413017.90350581,0.00000000,0.00000000,0.00000000,-410995.74359888,774544736.884971,1178972.008757,1178972.008757,1178972.008757,1178972.008757,1132894.445928,0,233.950717,275.236138,1178972.008757,plant_derived_4a
Austin,12,Dec,mitigated,level,dispatched,31307451.66809190,0.00000000,22849884.69817419,0.00000000,21848.40000000,0.00000000,54179184.76626609,,,,,,,,,,,plant_derived_4a
Chicago,1,Jan,baseline,level,baseline,0.00000000,26968802.76046691,14953658.72948859,11110574.41574374,1069.09218092,0.00000000,53034104.99788016,736048110.274752,1146319.137000,1141030.718500,1146319.137000,1141030.718500,1113552.196261,0,,,,plant_derived_4a
Chicago,1,Jan,measures,delta,baseline,0.00000000,0.00000000,0.00000000,-3937857.38996992,0.00000000,0.00000000,-3937857.38996992,,,,,,,,,,,plant_derived_4a
Chicago,1,Jan,storage,delta,dispatched,0.00000000,4841.37104933,-147352.05727119,1994.54213061,0.00000000,0.00000000,-140516.14409126,736180243.764089,1129787.100679,1129787.100679,1129787.100679,1129787.100679,1113140.189413,0,748.756440,880.889929,1129787.100679,plant_derived_4a
Chicago,1,Jan,mitigated,level,dispatched,0.00000000,26973644.13151623,14806306.67221740,7174711.56790443,1069.09218092,0.00000000,48955731.46381898,,,,,,,,,,,plant_derived_4a
Chicago,2,Feb,baseline,level,baseline,0.00000000,24322996.25258750,14935197.03448736,10020558.28278640,1069.09218092,0.00000000,49279820.66204219,663837233.967999,1147256.360000,1139622.009000,1147256.360000,1139622.009000,1113552.196261,0,,,,plant_derived_4a
Chicago,2,Feb,measures,delta,baseline,0.00000000,0.00000000,0.00000000,-3551529.20172879,0.00000000,0.00000000,-3551529.20172879,,,,,,,,,,,plant_derived_4a
Chicago,2,Feb,storage,delta,dispatched,0.00000000,4486.71991580,-137191.70378591,1848.43338986,0.00000000,0.00000000,-130856.55048025,663959688.114173,1129153.671373,1129153.671373,1129153.671373,1129153.671373,1113140.189413,0,693.906828,816.360974,1129153.671373,plant_derived_4a
Chicago,2,Feb,mitigated,level,dispatched,0.00000000,24327482.97250330,14798005.33070144,6470877.51444747,1069.09218092,0.00000000,45597434.90983314,,,,,,,,,,,plant_derived_4a
Chicago,3,Mar,baseline,level,baseline,0.00000000,27931220.72051174,15127139.36975981,11507070.19121810,1069.09218092,0.00000000,54566499.37367057,762314975.996500,1160127.473000,1154268.063500,1160127.473000,1154268.063500,1113552.196261,0,,,,plant_derived_4a
Chicago,3,Mar,measures,delta,baseline,0.00000000,0.00000000,0.00000000,-4078385.12158127,0.00000000,0.00000000,-4078385.12158127,,,,,,,,,,,plant_derived_4a
Chicago,3,Mar,storage,delta,dispatched,0.00000000,1327.65091986,-211694.10026822,546.96400408,0.00000000,0.00000000,-209819.48534428,762351211.010688,1138114.861417,1138114.861417,1138114.861417,1138114.861417,1113140.189413,0,205.331747,241.566761,1138114.861417,plant_derived_4a
Chicago,3,Mar,mitigated,level,dispatched,0.00000000,27932548.37143160,14915445.26949158,7429232.03364091,1069.09218092,0.00000000,50278294.76674502,,,,,,,,,,,plant_derived_4a
Chicago,4,Apr,baseline,level,baseline,0.00000000,27445593.90019373,15298036.18959014,11307002.24703284,1069.09218092,0.00000000,54051701.42899764,749060968.891750,1172676.700000,1167308.251500,1172676.700000,1167308.251500,1113552.196261,0,,,,plant_derived_4a
Chicago,4,Apr,measures,delta,baseline,0.00000000,0.00000000,0.00000000,-4007476.18357086,0.00000000,0.00000000,-4007476.18357086,,,,,,,,,,,plant_derived_4a
Chicago,4,Apr,storage,delta,dispatched,0.00000000,1847.75192814,-255896.72686931,761.23458211,0.00000000,0.00000000,-253287.74035906,749111398.802453,1147782.192266,1147782.192266,1147782.192266,1147782.192266,1113140.189413,0,285.769494,336.199405,1147782.192266,plant_derived_4a
Chicago,4,Apr,mitigated,level,dispatched,0.00000000,27447441.65212186,15042139.46272083,7300287.29804409,1069.09218092,0.00000000,49790937.50506771,,,,,,,,,,,plant_derived_4a
Chicago,5,May,baseline,level,baseline,0.00000000,28017268.71273603,15842506.16483642,11542520.13793708,1069.09218092,0.00000000,55403364.10769045,764663447.400001,1214676.507000,1208853.734000,1214676.507000,1208853.734000,1113552.196261,0,,,,plant_derived_4a
Chicago,5,May,measures,delta,baseline,0.00000000,0.00000000,0.00000000,-4090949.44359000,0.00000000,0.00000000,-4090949.44359000,,,,,,,,,,,plant_derived_4a
Chicago,5,May,storage,delta,dispatched,0.00000000,3170.41210136,-392138.62814766,1306.14250449,0.00000000,0.00000000,-387662.07354180,764749976.114558,1178931.811297,1178931.811297,1178931.811297,1178931.811297,1113140.189413,0,490.329382,576.858097,1178931.811297,plant_derived_4a
Chicago,5,May,mitigated,level,dispatched,0.00000000,28020439.12483739,15450367.53668876,7452876.83685157,1069.09218092,0.00000000,50924752.59055866,,,,,,,,,,,plant_derived_4a
Chicago,6,Jun,baseline,level,baseline,0.00000000,29054941.69516136,15783224.84578029,8147835.46172684,1069.09218092,0.00000000,52987071.09484942,792984216.570998,1208457.679000,1204330.305500,1208457.679000,1204330.305500,1113552.196261,0,,,,plant_derived_4a
Chicago,6,Jun,measures,delta,baseline,0.00000000,0.00000000,0.00000000,-4242465.55865484,0.00000000,0.00000000,-4242465.55865484,,,,,,,,,,,plant_derived_4a
Chicago,6,Jun,storage,delta,dispatched,0.00000000,2979.36940888,-254893.38916680,835.50027317,0.00000000,0.00000000,-251078.51948475,793065531.238271,1184880.805398,1184880.805398,1184880.805398,1184880.805398,1113140.189413,0,448.465339,527.606281,1184880.805398,plant_derived_4a
Chicago,6,Jun,mitigated,level,dispatched,0.00000000,29057921.06457024,15528331.45661350,3906205.40334516,1069.09218092,0.00000000,48493527.01670982,,,,,,,,,,,plant_derived_4a
Chicago,7,Jul,baseline,level,baseline,0.00000000,30771187.90734643,15849503.22062555,8629119.91569030,1069.09218092,0.00000000,55250880.13584321,839824997.471246,1216875.711000,1209387.640500,1216875.711000,1209387.640500,1113552.196261,0,,,,plant_derived_4a
Chicago,7,Jul,measures,delta,baseline,0.00000000,0.00000000,0.00000000,-4493063.73647116,0.00000000,0.00000000,-4493063.73647116,,,,,,,,,,,plant_derived_4a
Chicago,7,Jul,storage,delta,dispatched,0.00000000,2220.88181443,-187342.11359036,622.79868925,0.00000000,0.00000000,-184498.43308668,839885611.057884,1195092.603390,1195092.603390,1195092.603390,1195092.603390,1113140.189413,0,355.794766,418.582078,1195092.603390,plant_derived_4a
Chicago,7,Jul,mitigated,level,dispatched,0.00000000,30773408.78916087,15662161.10703519,4136678.97790838,1069.09218092,0.00000000,50573317.96628536,,,,,,,,,,,plant_derived_4a
Chicago,8,Aug,baseline,level,baseline,0.00000000,30046188.41654840,16112433.84603258,8425809.35245341,1069.09218092,0.00000000,54585500.70721531,820037893.464749,1229912.286000,1229450.417500,1229912.286000,1229450.417500,1113552.196261,0,,,,plant_derived_4a
Chicago,8,Aug,measures,delta,baseline,0.00000000,0.00000000,0.00000000,-4387202.73003640,0.00000000,0.00000000,-4387202.73003640,,,,,,,,,,,plant_derived_4a
Chicago,8,Aug,storage,delta,dispatched,0.00000000,601.88808933,-266359.68932543,168.78661020,0.00000000,0.00000000,-265589.01462590,820054320.541423,1209125.987661,1209125.987661,1209125.987661,1209125.987661,1113140.189413,0,93.086768,109.513845,1209125.987661,plant_derived_4a
Chicago,8,Aug,mitigated,level,dispatched,0.00000000,30046790.30463773,15846074.15670715,4038775.40902720,1069.09218092,0.00000000,49932708.96255300,,,,,,,,,,,plant_derived_4a
Chicago,9,Sep,baseline,level,baseline,0.00000000,29511312.12580285,15898999.25204692,8275814.76443814,1069.09218092,0.00000000,53687195.23446883,805439741.424750,1214042.105000,1213164.408000,1214042.105000,1213164.408000,1113552.196261,0,,,,plant_derived_4a
Chicago,9,Sep,measures,delta,baseline,0.00000000,0.00000000,0.00000000,-4309102.61662241,0.00000000,0.00000000,-4309102.61662241,,,,,,,,,,,plant_derived_4a
Chicago,9,Sep,storage,delta,dispatched,0.00000000,1861.99321538,-293010.10513988,522.15607620,0.00000000,0.00000000,-290625.95584830,805490560.016873,1190806.432815,1190806.432815,1190806.432815,1190806.432815,1113140.189413,0,287.972022,338.790614,1190806.432815,plant_derived_4a
Chicago,9,Sep,mitigated,level,dispatched,0.00000000,29513174.11901823,15605989.14690704,3967234.30389192,1069.09218092,0.00000000,49087466.66199812,,,,,,,,,,,plant_derived_4a
Chicago,10,Oct,baseline,level,baseline,0.00000000,28553942.30320314,15358144.51807029,11194721.49189143,1069.09218092,0.00000000,55107877.40534578,779310652.379998,1175672.918000,1171894.784500,1175672.918000,1171894.784500,1113552.196261,0,,,,plant_derived_4a
Chicago,10,Oct,measures,delta,baseline,0.00000000,0.00000000,0.00000000,-4169311.99023299,0.00000000,0.00000000,-4169311.99023299,,,,,,,,,,,plant_derived_4a
Chicago,10,Oct,storage,delta,dispatched,0.00000000,4651.84400188,-330998.99391092,1823.77961935,0.00000000,0.00000000,-324523.37028969,779437613.187910,1146638.088017,1146638.088017,1146638.088017,1146638.088017,1113140.189413,0,719.444578,846.405386,1146638.088017,plant_derived_4a
Chicago,10,Oct,mitigated,level,dispatched,0.00000000,28558594.14720502,15027145.52415937,7027233.28127779,1069.09218092,0.00000000,50614042.04482310,,,,,,,,,,,plant_derived_4a
Chicago,11,Nov,baseline,level,baseline,0.00000000,26204938.95895078,15229615.52162773,10273782.52160162,1069.09218092,0.00000000,51709406.09436105,715200299.098002,1164743.061000,1162087.450000,1164743.061000,1162087.450000,1113552.196261,0,,,,plant_derived_4a
Chicago,11,Nov,measures,delta,baseline,0.00000000,0.00000000,0.00000000,-3826321.60017431,0.00000000,0.00000000,-3826321.60017431,,,,,,,,,,,plant_derived_4a
Chicago,11,Nov,storage,delta,dispatched,0.00000000,1313.58922337,-230267.83596148,514.99948253,0.00000000,0.00000000,-228439.24725557,715236150.332264,1144516.989214,1144516.989214,1144516.989214,1144516.989214,1113140.189413,0,203.156994,239.008228,1144516.989214,plant_derived_4a
Chicago,11,Nov,mitigated,level,dispatched,0.00000000,26206252.54817416,14999347.68566626,6447975.92090984,1069.09218092,0.00000000,47654645.24693118,,,,,,,,,,,plant_derived_4a
Chicago,12,Dec,baseline,level,baseline,0.00000000,27984673.66410126,14963817.33086402,10971536.76310186,1069.09218092,0.00000000,53921096.85024806,763773844.544248,1146841.043000,1141805.865000,1146841.043000,1141805.865000,1113552.196261,0,,,,plant_derived_4a
Chicago,12,Dec,measures,delta,baseline,0.00000000,0.00000000,0.00000000,-4086190.06831173,0.00000000,0.00000000,-4086190.06831173,,,,,,,,,,,plant_derived_4a
Chicago,12,Dec,storage,delta,dispatched,0.00000000,5846.41520146,-156067.19259711,2292.11746705,0.00000000,0.00000000,-147928.65992860,763933408.277913,1129897.243563,1129897.243563,1129897.243563,1129897.243563,1113140.189413,0,904.194491,1063.758225,1129897.243563,plant_derived_4a
Chicago,12,Dec,mitigated,level,dispatched,0.00000000,27990520.07930272,14807750.13826691,6887638.81225717,1069.09218092,0.00000000,49686978.12200773,,,,,,,,,,,plant_derived_4a
Columbus,1,Jan,baseline,level,baseline,0.00000000,33726749.57297576,0.00000000,10021665.60072588,26800.00000000,0.00000000,43775215.17370164,736231162.911499,1146039.977000,1140125.513000,1146039.977000,1140125.513000,1115161.254067,0,,,,plant_derived_4a
Columbus,1,Jan,measures,delta,baseline,0.00000000,0.00000000,0.00000000,-2672528.44136874,0.00000000,1378317.20015590,-1294211.24121284,,,,,,,,,,,plant_derived_4a
Columbus,1,Jan,storage,delta,dispatched,0.00000000,5684.53906135,0.00000000,-65891.43741433,0.00000000,0.00000000,-60206.89835298,736355252.391118,1130291.020651,1130291.020651,1130291.020651,1130291.020651,1114280.111564,0,703.173718,827.263198,1130291.020651,plant_derived_4a
Columbus,1,Jan,mitigated,level,dispatched,0.00000000,33732434.11203711,0.00000000,7283245.72194281,26800.00000000,1378317.20015590,42420797.03413583,,,,,,,,,,,plant_derived_4a
Columbus,2,Feb,baseline,level,baseline,0.00000000,30426143.29090865,0.00000000,9793586.63090266,26800.00000000,0.00000000,40246529.92181130,664181254.986000,1146005.284000,1140145.084000,1146005.284000,1140145.084000,1115161.254067,0,,,,plant_derived_4a
Columbus,2,Feb,measures,delta,baseline,0.00000000,0.00000000,0.00000000,-2410987.27559918,0.00000000,1243430.72377987,-1167556.55181931,,,,,,,,,,,plant_derived_4a
Columbus,2,Feb,storage,delta,dispatched,0.00000000,5080.32341946,0.00000000,-67904.52975230,0.00000000,0.00000000,-62824.20633285,664292154.864180,1130018.111593,1130018.111593,1130018.111593,1130018.111593,1114280.111564,0,628.432643,739.332521,1130018.111593,plant_derived_4a
Columbus,2,Feb,mitigated,level,dispatched,0.00000000,30431223.61432811,0.00000000,7314694.82555117,26800.00000000,1243430.72377987,39016149.16365914,,,,,,,,,,,plant_derived_4a
Columbus,3,Mar,baseline,level,baseline,0.00000000,34961591.96115080,0.00000000,10233033.24711866,26800.00000000,0.00000000,45221425.20826945,763186901.575001,1164424.554000,1158818.100500,1164424.554000,1158818.100500,1115161.254067,0,,,,plant_derived_4a
Columbus,3,Mar,measures,delta,baseline,0.00000000,0.00000000,0.00000000,-2770377.77271725,0.00000000,1428781.72830204,-1341596.04441521,,,,,,,,,,,plant_derived_4a
Columbus,3,Mar,storage,delta,dispatched,0.00000000,6422.00820579,0.00000000,-155806.45572061,0.00000000,0.00000000,-149384.44751482,763327089.486064,1135635.535677,1135635.535677,1135635.535677,1135635.535677,1114280.111564,0,852.178049,1002.562410,1135635.535677,plant_derived_4a
Columbus,3,Mar,mitigated,level,dispatched,0.00000000,34968013.96935659,0.00000000,7306849.01868079,26800.00000000,1428781.72830204,43730444.71633942,,,,,,,,,,,plant_derived_4a
Columbus,4,Apr,baseline,level,baseline,0.00000000,34413343.70703746,0.00000000,10261289.78743275,26800.00000000,0.00000000,44701433.49447021,751219028.749999,1175565.523000,1168634.655500,1175565.523000,1168634.655500,1115161.254067,0,,,,plant_derived_4a
Columbus,4,Apr,measures,delta,baseline,0.00000000,0.00000000,0.00000000,-2726934.39436250,0.00000000,1406376.36732989,-1320558.02703261,,,,,,,,,,,plant_derived_4a
Columbus,4,Apr,storage,delta,dispatched,0.00000000,2725.26961771,0.00000000,-103128.55184122,0.00000000,0.00000000,-100403.28222351,751278519.464204,1153305.726312,1153305.726312,1153305.726312,1153305.726312,1114280.111564,0,275.564683,324.193745,1153305.726312,plant_derived_4a
Columbus,4,Apr,mitigated,level,dispatched,0.00000000,34416068.97665518,0.00000000,7431226.84122903,26800.00000000,1406376.36732989,43280472.18521410,,,,,,,,,,,plant_derived_4a
Columbus,5,May,baseline,level,baseline,0.00000000,35349751.49560756,0.00000000,10532068.74898685,26800.00000000,0.00000000,45908620.24459441,771660150.526251,1203131.121000,1199203.461500,1203131.121000,1199203.461500,1115161.254067,0,,,,plant_derived_4a
Columbus,5,May,measures,delta,baseline,0.00000000,0.00000000,0.00000000,-2801135.66641029,0.00000000,1444644.71449313,-1356490.95191717,,,,,,,,,,,plant_derived_4a
Columbus,5,May,storage,delta,dispatched,0.00000000,1001.26221968,0.00000000,-134561.45059537,0.00000000,0.00000000,-133560.18837569,771682007.374531,1179228.583165,1179228.583165,1179228.583165,1179228.583165,1114280.111564,0,404.955338,476.418044,1179228.583165,plant_derived_4a
Columbus,5,May,mitigated,level,dispatched,0.00000000,35350752.75782724,0.00000000,7596371.63198119,26800.00000000,1444644.71449313,44418569.10430156,,,,,,,,,,,plant_derived_4a
Columbus,6,Jun,baseline,level,baseline,0.00000000,36391383.78230365,0.00000000,10636752.92121932,26800.00000000,0.00000000,47054936.70352297,794398248.904249,1208776.384000,1204049.681000,1208776.384000,1204049.681000,1115161.254067,0,,,,plant_derived_4a
Columbus,6,Jun,measures,delta,baseline,0.00000000,0.00000000,0.00000000,-2883674.96352242,0.00000000,1487213.29033185,-1396461.67319057,,,,,,,,,,,plant_derived_4a
Columbus,6,Jun,storage,delta,dispatched,0.00000000,5915.75164597,0.00000000,-122021.19270811,0.00000000,0.00000000,-116105.44106214,794527385.591566,1185884.959894,1185884.959894,1185884.959894,1185884.959894,1114280.111564,0,454.444175,534.640206,1185884.959894,plant_derived_4a
Columbus,6,Jun,mitigated,level,dispatched,0.00000000,36397299.53394962,0.00000000,7631056.76498878,26800.00000000,1487213.29033185,45542369.58927026,,,,,,,,,,,plant_derived_4a
Columbus,7,Jul,baseline,level,baseline,0.00000000,38511540.47748365,0.00000000,10804350.64705945,26800.00000000,0.00000000,49342691.12454311,840679774.666746,1215705.552000,1207166.242000,1215705.552000,1207166.242000,1115161.254067,0,,,,plant_derived_4a
Columbus,7,Jul,measures,delta,baseline,0.00000000,0.00000000,0.00000000,-3051676.90204029,0.00000000,1573858.11905065,-1477818.78298964,,,,,,,,,,,plant_derived_4a
Columbus,7,Jul,storage,delta,dispatched,0.00000000,4737.43258472,0.00000000,-117057.10792966,0.00000000,0.00000000,-112319.67534495,840783189.479772,1189750.119744,1189750.119744,1189750.119744,1189750.119744,1114280.111564,0,586.017274,689.432087,1189750.119744,plant_derived_4a
Columbus,7,Jul,mitigated,level,dispatched,0.00000000,38516277.91006837,0.00000000,7635616.63708950,26800.00000000,1573858.11905065,47752552.66620852,,,,,,,,,,,plant_derived_4a
Columbus,8,Aug,baseline,level,baseline,0.00000000,37655511.86491005,0.00000000,10820071.09048011,26800.00000000,0.00000000,48502382.95539016,821993273.628248,1224216.372000,1218280.198500,1224216.372000,1218280.198500,1115161.254067,0,,,,plant_derived_4a
Columbus,8,Aug,measures,delta,baseline,0.00000000,0.00000000,0.00000000,-2983844.90327054,0.00000000,1538874.64227110,-1444970.26099944,,,,,,,,,,,plant_derived_4a
Columbus,8,Aug,storage,delta,dispatched,0.00000000,3585.70700121,0.00000000,-178247.96553491,0.00000000,0.00000000,-174662.25853370,822071547.083852,1191797.128934,1191797.128934,1191797.128934,1191797.128934,1114280.111564,0,443.549582,521.823037,1191797.128934,plant_derived_4a
Columbus,8,Aug,mitigated,level,dispatched,0.00000000,37659097.57191126,0.00000000,7657978.22167466,26800.00000000,1538874.64227110,46882750.43585702,,,,,,,,,,,plant_derived_4a
Columbus,9,Sep,baseline,level,baseline,0.00000000,36854799.67092755,0.00000000,10635742.50037844,26800.00000000,0.00000000,47517342.17130599,804514291.004749,1206866.174000,1199145.827500,1206866.174000,1199145.827500,1115161.254067,0,,,,plant_derived_4a
Columbus,9,Sep,measures,delta,baseline,0.00000000,0.00000000,0.00000000,-2920396.19634724,0.00000000,1506151.79161653,-1414244.40473071,,,,,,,,,,,plant_derived_4a
Columbus,9,Sep,storage,delta,dispatched,0.00000000,3240.54333549,0.00000000,-102883.64109435,0.00000000,0.00000000,-99643.09775886,804585029.780900,1183847.949296,1183847.949296,1183847.949296,1183847.949296,1114280.111564,0,400.853065,471.591841,1183847.949296,plant_derived_4a
Columbus,9,Sep,mitigated,level,dispatched,0.00000000,36858040.21426304,0.00000000,7612462.66293686,26800.00000000,1506151.79161653,46003454.66881642,,,,,,,,,,,plant_derived_4a
Columbus,10,Oct,baseline,level,baseline,0.00000000,35749303.02484611,0.00000000,10404756.50558666,26800.00000000,0.00000000,46180859.53043277,780382078.691249,1178475.907000,1176215.616000,1178475.907000,1176215.616000,1115161.254067,0,,,,plant_derived_4a
Columbus,10,Oct,measures,delta,baseline,0.00000000,0.00000000,0.00000000,-2832796.26564924,0.00000000,1460973.25940394,-1371823.00624530,,,,,,,,,,,plant_derived_4a
Columbus,10,Oct,storage,delta,dispatched,0.00000000,5370.02399810,0.00000000,-159067.00128837,0.00000000,0.00000000,-153696.97729028,780499302.528797,1152560.082458,1152560.082458,1152560.082458,1152560.082458,1114280.111564,0,659.750271,776.176789,1152560.082458,plant_derived_4a
Columbus,10,Oct,mitigated,level,dispatched,0.00000000,35754673.04884420,0.00000000,7412893.23864905,26800.00000000,1460973.25940394,44655339.54689720,,,,,,,,,,,plant_derived_4a
Columbus,11,Nov,baseline,level,baseline,0.00000000,32792210.88089570,0.00000000,10158711.14943448,26800.00000000,0.00000000,42977722.03033018,715830842.193750,1172111.534000,1170045.620500,1172111.534000,1170045.620500,1115161.254067,0,,,,plant_derived_4a
Columbus,11,Nov,measures,delta,baseline,0.00000000,0.00000000,0.00000000,-2598475.27716331,0.00000000,1340125.23769839,-1258350.03946493,,,,,,,,,,,plant_derived_4a
Columbus,11,Nov,storage,delta,dispatched,0.00000000,2555.93882122,0.00000000,-122514.53856588,0.00000000,0.00000000,-119958.59974466,715886636.536060,1152560.082458,1151842.169229,1152560.082458,1151842.169229,1114280.111564,0,320.686082,377.277743,1145941.303865,plant_derived_4a
Columbus,11,Nov,mitigated,level,dispatched,0.00000000,32794766.81971692,0.00000000,7437721.33370529,26800.00000000,1340125.23769839,41599413.39112059,,,,,,,,,,,plant_derived_4a
Columbus,12,Dec,baseline,level,baseline,0.00000000,35013057.45108934,0.00000000,10186593.91477880,26800.00000000,0.00000000,45226451.36586814,764310356.932751,1153343.582000,1151400.034500,1153343.582000,1151400.034500,1115161.254067,0,,,,plant_derived_4a
Columbus,12,Dec,measures,delta,baseline,0.00000000,0.00000000,0.00000000,-2774455.91566589,0.00000000,1430884.97782638,-1343570.93783951,,,,,,,,,,,plant_derived_4a
Columbus,12,Dec,storage,delta,dispatched,0.00000000,3226.51912033,0.00000000,-117290.02485181,0.00000000,0.00000000,-114063.50573148,764380789.570174,1133964.854502,1133964.854502,1133964.854502,1133964.854502,1114280.111564,0,399.118279,469.550916,1133964.854502,plant_derived_4a
Columbus,12,Dec,mitigated,level,dispatched,0.00000000,35016283.97020967,0.00000000,7294847.97426110,26800.00000000,1430884.97782638,43768816.92229714,,,,,,,,,,,plant_derived_4a
Dallas-Fort Worth,1,Jan,baseline,level,baseline,0.00000000,25523212.59501291,385881.88567185,4079719.29090594,580.43000000,0.00000000,29989394.20159071,737878363.544750,1165792.213000,1160618.266500,1165792.213000,1160618.266500,1133316.152028,0,,,,plant_derived_4a
Dallas-Fort Worth,1,Jan,measures,delta,baseline,0.00000000,0.00000000,0.00000000,0.00000000,0.00000000,0.00000000,0.00000000,,,,,,,,,,,plant_derived_4a
Dallas-Fort Worth,1,Jan,storage,delta,dispatched,0.00000000,0.00000000,0.00000000,-216163.35089139,0.00000000,0.00000000,-216163.35089139,737878363.544750,1165792.213000,1160618.266500,1165792.213000,1160618.266500,1071409.430833,0,0.000000,0.000000,,plant_derived_4a
Dallas-Fort Worth,1,Jan,mitigated,level,dispatched,0.00000000,25523212.59501291,385881.88567185,3863555.94001455,580.43000000,0.00000000,29773230.85069931,,,,,,,,,,,plant_derived_4a
Dallas-Fort Worth,2,Feb,baseline,level,baseline,0.00000000,23079856.65123674,390442.13506194,4045772.87151554,580.43000000,0.00000000,27516652.08781421,667240724.233499,1179569.235000,1174465.397500,1179569.235000,1174465.397500,1133316.152028,0,,,,plant_derived_4a
Dallas-Fort Worth,2,Feb,measures,delta,baseline,0.00000000,0.00000000,0.00000000,0.00000000,0.00000000,0.00000000,0.00000000,,,,,,,,,,,plant_derived_4a
Dallas-Fort Worth,2,Feb,storage,delta,dispatched,0.00000000,0.00000000,0.00000000,-216163.35089139,0.00000000,0.00000000,-216163.35089139,667240724.233499,1179569.235000,1174465.397500,1179569.235000,1174465.397500,1071409.430833,0,0.000000,0.000000,,plant_derived_4a
Dallas-Fort Worth,2,Feb,mitigated,level,dispatched,0.00000000,23079856.65123674,390442.13506194,3829609.52062414,580.43000000,0.00000000,27300488.73692282,,,,,,,,,,,plant_derived_4a
Dallas-Fort Worth,3,Mar,baseline,level,baseline,0.00000000,26686782.93922221,393521.71816100,4090631.08889186,580.43000000,0.00000000,31171516.17627507,771517286.476502,1188872.999000,1184516.861500,1188872.999000,1184516.861500,1133316.152028,0,,,,plant_derived_4a
Dallas-Fort Worth,3,Mar,measures,delta,baseline,0.00000000,0.00000000,0.00000000,0.00000000,0.00000000,0.00000000,0.00000000,,,,,,,,,,,plant_derived_4a
Dallas-Fort Worth,3,Mar,storage,delta,dispatched,0.00000000,0.00000000,0.00000000,-216163.35089139,0.00000000,0.00000000,-216163.35089139,771517286.476502,1188872.999000,1184516.861500,1188872.999000,1184516.861500,1071409.430833,0,0.000000,0.000000,,plant_derived_4a
Dallas-Fort Worth,3,Mar,mitigated,level,dispatched,0.00000000,26686782.93922221,393521.71816100,3874467.73800046,580.43000000,0.00000000,30955352.82538367,,,,,,,,,,,plant_derived_4a
Dallas-Fort Worth,4,Apr,baseline,level,baseline,0.00000000,26397985.26645895,396207.39590792,4085469.16913544,580.43000000,0.00000000,30880242.26150231,763168119.874500,1196986.731000,1194265.632500,1196986.731000,1194265.632500,1133316.152028,0,,,,plant_derived_4a
Dallas-Fort Worth,4,Apr,measures,delta,baseline,0.00000000,0.00000000,0.00000000,0.00000000,0.00000000,0.00000000,0.00000000,,,,,,,,,,,plant_derived_4a
Dallas-Fort Worth,4,Apr,storage,delta,dispatched,0.00000000,0.00000000,0.00000000,-216163.35089139,0.00000000,0.00000000,-216163.35089139,763168119.874500,1196986.731000,1194265.632500,1196986.731000,1194265.632500,1071409.430833,0,0.000000,0.000000,,plant_derived_4a
Dallas-Fort Worth,4,Apr,mitigated,level,dispatched,0.00000000,26397985.26645895,396207.39590792,3869305.81824404,580.43000000,0.00000000,30664078.91061092,,,,,,,,,,,plant_derived_4a
Dallas-Fort Worth,5,May,baseline,level,baseline,0.00000000,27015211.29153389,405843.39932469,4088267.50039929,580.43000000,0.00000000,31509902.62125787,781012179.576001,1226098.172000,1223596.915000,1226098.172000,1223596.915000,1133316.152028,0,,,,plant_derived_4a
Dallas-Fort Worth,5,May,measures,delta,baseline,0.00000000,0.00000000,0.00000000,0.00000000,0.00000000,0.00000000,0.00000000,,,,,,,,,,,plant_derived_4a
Dallas-Fort Worth,5,May,storage,delta,dispatched,0.00000000,0.00000000,0.00000000,-216163.35089139,0.00000000,0.00000000,-216163.35089139,781012179.576001,1226098.172000,1223596.915000,1226098.172000,1223596.915000,1071409.430833,0,0.000000,0.000000,,plant_derived_4a
Dallas-Fort Worth,5,May,mitigated,level,dispatched,0.00000000,27015211.29153389,405843.39932469,3872104.14950790,580.43000000,0.00000000,31293739.27036648,,,,,,,,,,,plant_derived_4a
Dallas-Fort Worth,6,Jun,baseline,level,baseline,0.00000000,28053096.76325215,408621.75984664,4100162.06839488,580.43000000,0.00000000,32562461.02149367,811017541.579999,1234491.909000,1226127.038000,1234491.909000,1226127.038000,1133316.152028,0,,,,plant_derived_4a
Dallas-Fort Worth,6,Jun,measures,delta,baseline,0.00000000,0.00000000,0.00000000,0.00000000,0.00000000,0.00000000,0.00000000,,,,,,,,,,,plant_derived_4a
Dallas-Fort Worth,6,Jun,storage,delta,dispatched,0.00000000,30492.45011725,0.00000000,-215770.18428971,0.00000000,0.00000000,-185277.73417246,811899081.045661,1234491.909000,1234491.909000,1234491.909000,1234491.909000,1071409.430833,0,4995.390305,5876.929771,1121928.358118,plant_derived_4a
Dallas-Fort Worth,6,Jun,mitigated,level,dispatched,0.00000000,28083589.21336940,408621.75984664,3884391.88410517,580.43000000,0.00000000,32377183.28732121,,,,,,,,,,,plant_derived_4a
Dallas-Fort Worth,7,Jul,baseline,level,baseline,0.00000000,29539440.18249315,406688.35654553,4120362.17716512,580.43000000,0.00000000,34067071.14620379,853987863.038252,1228650.882000,1226020.918500,1228650.882000,1226020.918500,1133316.152028,0,,,,plant_derived_4a
Dallas-Fort Worth,7,Jul,measures,delta,baseline,0.00000000,0.00000000,0.00000000,0.00000000,0.00000000,0.00000000,0.00000000,,,,,,,,,,,plant_derived_4a
Dallas-Fort Worth,7,Jul,storage,delta,dispatched,0.00000000,39936.64285192,0.00000000,-215648.41181328,0.00000000,0.00000000,-175711.76896136,855142434.962274,1228650.882000,1228650.882000,1228650.882000,1228650.882000,1071409.430833,0,6542.574236,7697.146160,1120975.011912,plant_derived_4a
Dallas-Fort Worth,7,Jul,mitigated,level,dispatched,0.00000000,29579376.82534507,406688.35654553,3904713.76535184,580.43000000,0.00000000,33891359.37724243,,,,,,,,,,,plant_derived_4a
Dallas-Fort Worth,8,Aug,baseline,level,baseline,0.00000000,28942871.76696983,406402.02120432,4112823.41743940,580.43000000,0.00000000,33462677.63561355,836741016.680249,1227785.831000,1223752.938500,1227785.831000,1223752.938500,1133316.152028,0,,,,plant_derived_4a
Dallas-Fort Worth,8,Aug,measures,delta,baseline,0.00000000,0.00000000,0.00000000,0.00000000,0.00000000,0.00000000,0.00000000,,,,,,,,,,,plant_derived_4a
Dallas-Fort Worth,8,Aug,storage,delta,dispatched,0.00000000,30468.37488962,0.00000000,-215770.49471329,0.00000000,0.00000000,-185302.11982366,837621860.128923,1227785.831000,1227785.831000,1227785.831000,1227785.831000,1071409.430833,0,5197.185107,6114.335419,1127788.430311,plant_derived_4a
Dallas-Fort Worth,8,Aug,mitigated,level,dispatched,0.00000000,28973340.14185945,406402.02120432,3897052.92272612,580.43000000,0.00000000,33277375.51578989,,,,,,,,,,,plant_derived_4a
Dallas-Fort Worth,9,Sep,baseline,level,baseline,0.00000000,28268677.61560841,403232.85849275,4105827.52512473,580.43000000,0.00000000,32778318.42922588,817250003.342249,1218211.437000,1214794.739500,1218211.437000,1214794.739500,1133316.152028,0,,,,plant_derived_4a
Dallas-Fort Worth,9,Sep,measures,delta,baseline,0.00000000,0.00000000,0.00000000,0.00000000,0.00000000,0.00000000,0.00000000,,,,,,,,,,,plant_derived_4a
Dallas-Fort Worth,9,Sep,storage,delta,dispatched,0.00000000,32118.37221957,0.00000000,-215749.21981276,0.00000000,0.00000000,-183630.84759319,818178548.361607,1218211.437000,1218211.437000,1218211.437000,1218211.437000,1071409.430833,0,5056.016212,5948.254367,1112324.473277,plant_derived_4a
Dallas-Fort Worth,9,Sep,mitigated,level,dispatched,0.00000000,28300795.98782798,403232.85849275,3890078.30531197,580.43000000,0.00000000,32594687.58163270,,,,,,,,,,,plant_derived_4a
Dallas-Fort Worth,10,Oct,baseline,level,baseline,0.00000000,27445725.76599750,396184.14982801,4098991.07870331,580.43000000,0.00000000,31941481.42452882,793458391.616002,1196916.502000,1192730.685500,1196916.502000,1192730.685500,1133316.152028,0,,,,plant_derived_4a
Dallas-Fort Worth,10,Oct,measures,delta,baseline,0.00000000,0.00000000,0.00000000,0.00000000,0.00000000,0.00000000,0.00000000,,,,,,,,,,,plant_derived_4a
Dallas-Fort Worth,10,Oct,storage,delta,dispatched,0.00000000,0.00000000,0.00000000,-216163.35089139,0.00000000,0.00000000,-216163.35089139,793458391.616002,1196916.502000,1192730.685500,1196916.502000,1192730.685500,1071409.430833,0,0.000000,0.000000,,plant_derived_4a
Dallas-Fort Worth,10,Oct,mitigated,level,dispatched,0.00000000,27445725.76599750,396184.14982801,3882827.72781192,580.43000000,0.00000000,31725318.07363743,,,,,,,,,,,plant_derived_4a
Dallas-Fort Worth,11,Nov,baseline,level,baseline,0.00000000,24955858.43036420,395665.20274982,4067164.87662581,580.43000000,0.00000000,29419268.93973983,721476103.797751,1195348.705000,1187558.791500,1195348.705000,1187558.791500,1133316.152028,0,,,,plant_derived_4a
Dallas-Fort Worth,11,Nov,measures,delta,baseline,0.00000000,0.00000000,0.00000000,0.00000000,0.00000000,0.00000000,0.00000000,,,,,,,,,,,plant_derived_4a
Dallas-Fort Worth,11,Nov,storage,delta,dispatched,0.00000000,0.00000000,0.00000000,-216163.35089139,0.00000000,0.00000000,-216163.35089139,721476103.797751,1195348.705000,1187558.791500,1195348.705000,1187558.791500,1071409.430833,0,0.000000,0.000000,,plant_derived_4a
Dallas-Fort Worth,11,Nov,mitigated,level,dispatched,0.00000000,24955858.43036420,395665.20274982,3851001.52573442,580.43000000,0.00000000,29203105.58884843,,,,,,,,,,,plant_derived_4a
Dallas-Fort Worth,12,Dec,baseline,level,baseline,0.00000000,26497601.71221299,386602.40193889,4091897.12729900,580.43000000,0.00000000,30976681.67145088,766048040.249002,1167968.973000,1163287.983500,1167968.973000,1163287.983500,1133316.152028,0,,,,plant_derived_4a
Dallas-Fort Worth,12,Dec,measures,delta,baseline,0.00000000,0.00000000,0.00000000,0.00000000,0.00000000,0.00000000,0.00000000,,,,,,,,,,,plant_derived_4a
Dallas-Fort Worth,12,Dec,storage,delta,dispatched,0.00000000,0.00000000,0.00000000,-216163.35089139,0.00000000,0.00000000,-216163.35089139,766048040.249002,1167968.973000,1163287.983500,1167968.973000,1163287.983500,1071409.430833,0,0.000000,0.000000,,plant_derived_4a
Dallas-Fort Worth,12,Dec,mitigated,level,dispatched,0.00000000,26497601.71221299,386602.40193889,3875733.77640760,580.43000000,0.00000000,30760518.32055949,,,,,,,,,,,plant_derived_4a
Northern Virginia,1,Jan,baseline,level,baseline,2950529.15021780,0.00000000,18822882.74661300,46489810.58866441,343.54000000,0.00000000,68263566.02549522,736527344.192500,1145869.024000,1139883.352000,1145869.024000,1225815.838000,1118613.389434,1,,,,plant_derived_4a
Northern Virginia,1,Jan,measures,delta,baseline,0.00000000,0.00000000,0.00000000,-5653583.89402163,0.00000000,0.00000000,-5653583.89402163,,,,,,,,,,,plant_derived_4a
Northern Virginia,1,Jan,storage,delta,dispatched,575.76965553,0.00000000,-150673.97575958,-250503.69890749,0.00000000,0.00000000,-400601.90501155,736668552.729725,1130096.190038,1130096.190038,1130096.190038,1198002.758360,1117738.900755,1,800.181711,941.390248,1130096.190038,plant_derived_4a
Northern Virginia,1,Jan,mitigated,level,dispatched,2951104.91987333,0.00000000,18672208.77085342,40585722.99573529,343.54000000,0.00000000,62209380.22646203,,,,,,,,,,,plant_derived_4a
Northern Virginia,2,Feb,baseline,level,baseline,2670009.38380501,0.00000000,18857439.65421200,43047333.08127505,343.54000000,0.00000000,64575125.65929206,664398831.874748,1146595.346000,1141364.670000,1146595.346000,1225815.838000,1118613.389434,1,,,,plant_derived_4a
Northern Virginia,2,Feb,measures,delta,baseline,0.00000000,0.00000000,0.00000000,-5099925.43347058,0.00000000,0.00000000,-5099925.43347058,,,,,,,,,,,plant_derived_4a
Northern Virginia,2,Feb,storage,delta,dispatched,277.15123106,0.00000000,-166767.36269465,-252615.73952923,0.00000000,0.00000000,-419105.95099282,664495787.879408,1131214.039566,1131214.039566,1131214.039566,1198002.758360,1117738.900755,1,549.417360,646.373364,1131214.039566,plant_derived_4a
Northern Virginia,2,Feb,mitigated,level,dispatched,2670286.53503607,0.00000000,18690672.29151735,37694791.90827524,343.54000000,0.00000000,59056094.27482866,,,,,,,,,,,plant_derived_4a
Northern Virginia,3,Mar,baseline,level,baseline,3111680.19371724,0.00000000,19485836.73084850,47815513.33507911,343.54000000,0.00000000,70413373.79964486,764304131.889500,1187791.628000,1181068.877000,1187791.628000,1225815.838000,1118613.389434,1,,,,plant_derived_4a
Northern Virginia,3,Mar,measures,delta,baseline,0.00000000,0.00000000,0.00000000,-5866798.51638380,0.00000000,0.00000000,-5866798.51638380,,,,,,,,,,,plant_derived_4a
Northern Virginia,3,Mar,storage,delta,dispatched,-114.09109761,0.00000000,-449405.67507007,-254819.88129012,0.00000000,0.00000000,-704339.64745780,764354905.612414,1152147.548331,1152147.548331,1152147.548331,1198002.758360,1117738.900755,1,447.818419,526.845198,1152147.548331,plant_derived_4a
Northern Virginia,3,Mar,mitigated,level,dispatched,3111566.10261963,0.00000000,19036431.05577843,41693894.93740519,343.54000000,0.00000000,63842235.63580325,,,,,,,,,,,plant_derived_4a
Northern Virginia,4,Apr,baseline,level,baseline,3051298.37248229,0.00000000,19397360.96982900,47211256.87669570,343.54000000,0.00000000,69660259.75900699,751643448.033750,1179456.130000,1174236.847000,1179456.130000,1225815.838000,1118613.389434,1,,,,plant_derived_4a
Northern Virginia,4,Apr,measures,delta,baseline,0.00000000,0.00000000,0.00000000,-5769615.10710707,0.00000000,0.00000000,-5769615.10710707,,,,,,,,,,,plant_derived_4a
Northern Virginia,4,Apr,storage,delta,dispatched,208.47388946,0.00000000,-290705.70009627,-253217.94969375,0.00000000,0.00000000,-543715.17590056,751727786.229527,1156399.180828,1156399.180828,1156399.180828,1198002.758360,1117738.900755,1,317.815787,373.900926,1156399.180828,plant_derived_4a
Northern Virginia,4,Apr,mitigated,level,dispatched,3051506.84637176,0.00000000,19106655.26973273,41188423.81989489,343.54000000,0.00000000,63346929.47599937,,,,,,,,,,,plant_derived_4a
Northern Virginia,5,May,baseline,level,baseline,3112264.10205032,0.00000000,19818407.84943150,48133143.00597564,343.54000000,0.00000000,71064158.49745746,770959267.785252,1205926.706000,1201157.007500,1205926.706000,1225815.838000,1118613.389434,1,,,,plant_derived_4a
Northern Virginia,5,May,measures,delta,baseline,0.00000000,0.00000000,0.00000000,-5917883.33951959,0.00000000,0.00000000,-5917883.33951959,,,,,,,,,,,plant_derived_4a
Northern Virginia,5,May,storage,delta,dispatched,-93.11069778,0.00000000,-259652.16731244,-256367.78735530,0.00000000,0.00000000,-516113.06536552,770977609.005280,1183771.004548,1183771.004548,1183771.004548,1198002.758360,1117738.900755,1,183.904467,216.358196,1183771.004548,plant_derived_4a
Northern Virginia,5,May,mitigated,level,dispatched,3112170.99135254,0.00000000,19558755.68211906,41958891.87910075,343.54000000,0.00000000,64630162.09257235,,,,,,,,,,,plant_derived_4a
Northern Virginia,6,Jun,baseline,level,baseline,3123728.73736194,0.00000000,19874480.97870500,49264816.66777626,343.54000000,0.00000000,72263369.92384320,794670660.954749,1209297.133000,1203026.802000,1209297.133000,1225815.838000,1118613.389434,1,,,,plant_derived_4a
Northern Virginia,6,Jun,measures,delta,baseline,0.00000000,0.00000000,0.00000000,-6099891.99348865,0.00000000,0.00000000,-6099891.99348865,,,,,,,,,,,plant_derived_4a
Northern Virginia,6,Jun,storage,delta,dispatched,74.18424691,0.00000000,-293903.36966659,-252013.68255278,0.00000000,0.00000000,-545842.86797246,794780231.558618,1185092.184358,1185092.184358,1185092.184358,1198002.758360,1117738.900755,1,540.929202,636.387296,1185092.184358,plant_derived_4a
Northern Virginia,6,Jun,mitigated,level,dispatched,3123802.92160885,0.00000000,19580577.60903841,42912910.99173483,343.54000000,0.00000000,65617635.06238208,,,,,,,,,,,plant_derived_4a
Northern Virginia,7,Jul,baseline,level,baseline,3337051.02671936,0.00000000,20087598.49268850,51632667.69802790,343.54000000,0.00000000,75057660.75743577,844283061.278500,1220222.656000,1216228.097500,1220222.656000,1225815.838000,1118613.389434,1,,,,plant_derived_4a
Northern Virginia,7,Jul,measures,delta,baseline,0.00000000,0.00000000,0.00000000,-6480716.77837376,0.00000000,0.00000000,-6480716.77837376,,,,,,,,,,,plant_derived_4a
Northern Virginia,7,Jul,storage,delta,dispatched,-55.65089111,0.00000000,-335849.95921543,-252171.26581864,0.00000000,0.00000000,-588076.87592519,844389330.118883,1195455.502420,1195455.502420,1195455.502420,1198002.758360,1117738.900755,1,600.625864,706.618663,1195455.502420,plant_derived_4a
Northern Virginia,7,Jul,mitigated,level,dispatched,3336995.37582824,0.00000000,19751748.53347307,44899779.65383550,343.54000000,0.00000000,67988867.10313682,,,,,,,,,,,plant_derived_4a
Northern Virginia,8,Aug,baseline,level,baseline,3266116.83303256,0.00000000,20064048.46956149,50925761.07159296,343.54000000,0.00000000,74256269.91418703,829471599.706749,1225898.611000,1225815.838000,1225898.611000,1225815.838000,1118613.389434,0,,,,plant_derived_4a
Northern Virginia,8,Aug,measures,delta,baseline,0.00000000,0.00000000,0.00000000,-6367023.99934901,0.00000000,0.00000000,-6367023.99934901,,,,,,,,,,,plant_derived_4a
Northern Virginia,8,Aug,storage,delta,dispatched,-50.59715473,0.00000000,-270226.90972163,-254531.97095489,0.00000000,0.00000000,-524809.47783124,829528405.871158,1198002.758360,1198002.758360,1198002.758360,1198002.758360,1117738.900755,0,449.391643,528.696051,1198002.758360,plant_derived_4a
Northern Virginia,8,Aug,mitigated,level,dispatched,3266066.23587783,0.00000000,19793821.55983987,44304205.10128907,343.54000000,0.00000000,67364436.43700679,,,,,,,,,,,plant_derived_4a
Northern Virginia,9,Sep,baseline,level,baseline,3176341.10685350,0.00000000,19842928.18072200,49780857.90861147,343.54000000,0.00000000,72800470.73618697,805483015.404751,1212083.395000,1205606.388000,1212083.395000,1225815.838000,1118613.389434,1,,,,plant_derived_4a
Northern Virginia,9,Sep,measures,delta,baseline,0.00000000,0.00000000,0.00000000,-6182887.62624686,0.00000000,0.00000000,-6182887.62624686,,,,,,,,,,,plant_derived_4a
Northern Virginia,9,Sep,storage,delta,dispatched,169.26033582,0.00000000,-200361.06299473,-253956.37471958,0.00000000,0.00000000,-454148.17737849,805551881.749671,1198002.758360,1192217.104035,1198002.758360,1198002.758360,1117738.900755,1,264.316808,310.960951,1188205.522272,plant_derived_4a
Northern Virginia,9,Sep,mitigated,level,dispatched,3176510.36718932,0.00000000,19642567.11772726,43344013.90764503,343.54000000,0.00000000,66163434.93256161,,,,,,,,,,,plant_derived_4a
Northern Virginia,10,Oct,baseline,level,baseline,3182500.19383754,0.00000000,19926330.96472450,49053228.96662284,343.54000000,0.00000000,72162403.66518489,790237369.502250,1212107.898000,1208302.421000,1212107.898000,1225815.838000,1118613.389434,1,,,,plant_derived_4a
Northern Virginia,10,Oct,measures,delta,baseline,0.00000000,0.00000000,0.00000000,-6065862.04829928,0.00000000,0.00000000,-6065862.04829928,,,,,,,,,,,plant_derived_4a
Northern Virginia,10,Oct,storage,delta,dispatched,-15.73936732,0.00000000,-349379.47329503,-252004.36963798,0.00000000,0.00000000,-601399.58230033,790347135.234972,1184872.645845,1184872.645845,1184872.645845,1198002.758360,1117738.900755,1,622.005819,731.771552,1184872.645845,plant_derived_4a
Northern Virginia,10,Oct,mitigated,level,dispatched,3182484.45447021,0.00000000,19576951.49142947,42735362.54868558,343.54000000,0.00000000,65495142.03458526,,,,,,,,,,,plant_derived_4a
Northern Virginia,11,Nov,baseline,level,baseline,2945335.89114286,0.00000000,19703897.99982300,45626140.69769058,343.54000000,0.00000000,68275718.12865645,718431300.213750,1198731.718000,1194360.218000,1198731.718000,1225815.838000,1118613.389434,1,,,,plant_derived_4a
Northern Virginia,11,Nov,measures,delta,baseline,0.00000000,0.00000000,0.00000000,-5514678.66044074,0.00000000,0.00000000,-5514678.66044074,,,,,,,,,,,plant_derived_4a
Northern Virginia,11,Nov,storage,delta,dispatched,-26.72803843,0.00000000,-374548.13576351,-255404.30584091,0.00000000,0.00000000,-629979.16964284,718469828.780865,1169881.931589,1169881.931589,1169881.931589,1198002.758360,1117738.900755,1,218.328547,256.857114,1169881.931589,plant_derived_4a
Northern Virginia,11,Nov,mitigated,level,dispatched,2945309.16310443,0.00000000,19329349.86405949,39856057.73140893,343.54000000,0.00000000,62131060.29857285,,,,,,,,,,,plant_derived_4a
Northern Virginia,12,Dec,baseline,level,baseline,3112900.94820339,0.00000000,19255428.19782250,47837085.72150363,343.54000000,0.00000000,70205758.40752952,764756127.330750,1170146.637000,1165612.478500,1170146.637000,1225815.838000,1118613.389434,1,,,,plant_derived_4a
Northern Virginia,12,Dec,measures,delta,baseline,0.00000000,0.00000000,0.00000000,-5870268.03339083,0.00000000,0.00000000,-5870268.03339083,,,,,,,,,,,plant_derived_4a
Northern Virginia,12,Dec,storage,delta,dispatched,159.12956476,0.00000000,-243483.99794248,-256034.96028849,0.00000000,0.00000000,-499359.82866620,764781442.110123,1150665.023907,1150665.023907,1150665.023907,1198002.758360,1117738.900755,1,143.450416,168.765196,1150665.023907,plant_derived_4a
Northern Virginia,12,Dec,mitigated,level,dispatched,3113060.07776816,0.00000000,19011944.19988002,41710782.72782431,343.54000000,0.00000000,63836130.54547248,,,,,,,,,,,plant_derived_4a
Phoenix,1,Jan,baseline,level,baseline,52918759.74369685,0.00000000,24583390.63940900,458911.37624700,273.82300000,0.00000000,77961335.58235285,738174548.714500,1155948.051000,1151557.861500,1155948.051000,1151557.861500,1123001.043797,0,,,,plant_derived_4a
Phoenix,1,Jan,measures,delta,baseline,0.00000000,0.00000000,0.00000000,0.00000000,0.00000000,0.00000000,0.00000000,,,,,,,,,,,plant_derived_4a
Phoenix,1,Jan,storage,delta,dispatched,4696.34654721,0.00000000,-424363.24391766,-8200.19786307,0.00000000,0.00000000,-427867.09523352,738262982.102888,1135292.640766,1135292.640766,1135292.640766,1135292.640766,1123115.909594,0,501.122534,589.555923,1135292.640766,plant_derived_4a
Phoenix,1,Jan,mitigated,level,dispatched,52923456.09024405,0.00000000,24159027.39549134,450711.17838393,273.82300000,0.00000000,77533468.48711933,,,,,,,,,,,plant_derived_4a
Phoenix,2,Feb,baseline,level,baseline,47779787.05779082,0.00000000,24641668.84480000,459715.34452000,247.32400000,0.00000000,72881418.57111081,666318913.405751,1157973.160000,1151622.153500,1157973.160000,1151622.153500,1123001.043797,0,,,,plant_derived_4a
Phoenix,2,Feb,measures,delta,baseline,0.00000000,0.00000000,0.00000000,0.00000000,0.00000000,0.00000000,0.00000000,,,,,,,,,,,plant_derived_4a
Phoenix,2,Feb,storage,delta,dispatched,6030.49632044,0.00000000,-464569.30452259,-8667.01193118,0.00000000,0.00000000,-467205.82013333,666423017.435363,1136141.895690,1136141.895690,1136141.895690,1136141.895690,1123115.909594,0,589.922834,694.026864,1136141.895690,plant_derived_4a
Phoenix,2,Feb,mitigated,level,dispatched,47785817.55411126,0.00000000,24177099.54027741,451048.33258882,247.32400000,0.00000000,72414212.75097749,,,,,,,,,,,plant_derived_4a
Phoenix,3,Mar,baseline,level,baseline,55231685.79340513,0.00000000,24782538.04226100,462344.89347300,273.82300000,0.00000000,80476842.55213913,766228347.642753,1164596.709000,1163053.880500,1164596.709000,1163053.880500,1123001.043797,0,,,,plant_derived_4a
Phoenix,3,Mar,measures,delta,baseline,0.00000000,0.00000000,0.00000000,0.00000000,0.00000000,0.00000000,0.00000000,,,,,,,,,,,plant_derived_4a
Phoenix,3,Mar,storage,delta,dispatched,1808.64557908,0.00000000,-339917.20325964,-6342.99154238,0.00000000,0.00000000,-344451.54922294,766271481.930158,1148619.400329,1148619.400329,1148619.400329,1148619.400329,1123115.909594,0,244.427629,287.561916,1148619.400329,plant_derived_4a
Phoenix,3,Mar,mitigated,level,dispatched,55233494.43898422,0.00000000,24442620.83900137,456001.90193062,273.82300000,0.00000000,80132391.00291619,,,,,,,,,,,plant_derived_4a
Phoenix,4,Apr,baseline,level,baseline,54216562.51034316,0.00000000,24923958.85504000,464981.75119600,264.99000000,0.00000000,79605768.10657915,753142267.080749,1171238.668000,1164989.809500,1171238.668000,1164989.809500,1123001.043797,0,,,,plant_derived_4a
Phoenix,4,Apr,measures,delta,baseline,0.00000000,0.00000000,0.00000000,0.00000000,0.00000000,0.00000000,0.00000000,,,,,,,,,,,plant_derived_4a
Phoenix,4,Apr,storage,delta,dispatched,5849.58717796,0.00000000,-514273.42776074,-9594.29280174,0.00000000,0.00000000,-518018.13338452,753269894.584728,1147071.683613,1147071.683613,1147071.683613,1147071.683613,1123115.909594,0,723.222522,850.850026,1147071.683613,plant_derived_4a
Phoenix,4,Apr,mitigated,level,dispatched,54222412.09752113,0.00000000,24409685.42727926,455387.45839426,264.99000000,0.00000000,79087749.97319464,,,,,,,,,,,plant_derived_4a
Phoenix,5,May,baseline,level,baseline,54998634.77547815,0.00000000,25234903.91744000,470782.74695600,273.82300000,0.00000000,80704595.26287416,765942344.877248,1185850.748000,1183004.566500,1185850.748000,1183004.566500,1123001.043797,0,,,,plant_derived_4a
Phoenix,5,May,measures,delta,baseline,0.00000000,0.00000000,0.00000000,0.00000000,0.00000000,0.00000000,0.00000000,,,,,,,,,,,plant_derived_4a
Phoenix,5,May,storage,delta,dispatched,3179.06315108,0.00000000,-490481.88186699,-9150.43736378,0.00000000,0.00000000,-496453.25607969,766020472.141137,1162801.787386,1162801.787386,1162801.787386,1162801.787386,1123115.909594,0,442.721162,520.848426,1162801.787386,plant_derived_4a
Phoenix,5,May,mitigated,level,dispatched,55001813.83862924,0.00000000,24744422.03557301,461632.30959222,273.82300000,0.00000000,80208142.00679447,,,,,,,,,,,plant_derived_4a
Phoenix,6,Jun,baseline,level,baseline,57074597.47323396,0.00000000,25637523.98269800,478702.46938700,264.99000000,0.00000000,83191088.91531895,792953642.331500,1205799.671000,1199104.586500,1205799.671000,1199104.586500,1123001.043797,0,,,,plant_derived_4a
Phoenix,6,Jun,measures,delta,baseline,0.00000000,0.00000000,0.00000000,0.00000000,0.00000000,0.00000000,0.00000000,,,,,,,,,,,plant_derived_4a
Phoenix,6,Jun,storage,delta,dispatched,3956.89956282,0.00000000,-576798.00147222,-11169.18862823,0.00000000,0.00000000,-584010.29053763,793017927.804111,1177665.694606,1177665.694606,1177665.694606,1177665.694606,1123115.909594,0,364.284345,428.569817,1177665.694606,plant_derived_4a
Phoenix,6,Jun,mitigated,level,dispatched,57078554.37279678,0.00000000,25060725.98122578,467533.28075877,264.99000000,0.00000000,82607078.62478133,,,,,,,,,,,plant_derived_4a
Phoenix,7,Jul,baseline,level,baseline,60672980.53241764,0.00000000,26002566.61744000,485104.27383100,273.82300000,0.00000000,87160925.24668863,841741507.966999,1221925.123000,1217553.711000,1221925.123000,1217553.711000,1123001.043797,0,,,,plant_derived_4a
Phoenix,7,Jul,measures,delta,baseline,0.00000000,0.00000000,0.00000000,0.00000000,0.00000000,0.00000000,0.00000000,,,,,,,,,,,plant_derived_4a
Phoenix,7,Jul,storage,delta,dispatched,2805.85524611,0.00000000,-511651.76058228,-9545.38293943,0.00000000,0.00000000,-518391.28827560,841790986.811532,1197881.337258,1197881.337258,1197881.337258,1197881.337258,1123115.909594,0,280.380119,329.858964,1197881.337258,plant_derived_4a
Phoenix,7,Jul,mitigated,level,dispatched,60675786.38766375,0.00000000,25490914.85685772,475558.89089157,273.82300000,0.00000000,86642533.95841303,,,,,,,,,,,plant_derived_4a
Phoenix,8,Aug,baseline,level,baseline,59970054.23892342,0.00000000,26280677.82079700,490758.53720000,273.82300000,0.00000000,86741764.41992043,832982610.807000,1236167.600000,1229507.908500,1236167.600000,1229507.908500,1123001.043797,0,,,,plant_derived_4a
Phoenix,8,Aug,measures,delta,baseline,0.00000000,0.00000000,0.00000000,0.00000000,0.00000000,0.00000000,0.00000000,,,,,,,,,,,plant_derived_4a
Phoenix,8,Aug,storage,delta,dispatched,3958.04443180,0.00000000,-632271.06368547,-12261.47504900,0.00000000,0.00000000,-640574.49430268,833060870.102845,1205282.272421,1205282.272421,1205282.272421,1205282.272421,1123115.909594,0,443.469343,521.728639,1205282.272421,plant_derived_4a
Phoenix,8,Aug,mitigated,level,dispatched,59974012.28335522,0.00000000,25648406.75711153,478497.06215100,273.82300000,0.00000000,86101189.92561775,,,,,,,,,,,plant_derived_4a
Phoenix,9,Sep,baseline,level,baseline,58984356.01712248,0.00000000,26016926.53168000,485372.17260700,264.99000000,0.00000000,85486919.71140948,818817751.001249,1222599.931000,1214767.238000,1222599.931000,1214767.238000,1123001.043797,0,,,,plant_derived_4a
Phoenix,9,Sep,measures,delta,baseline,0.00000000,0.00000000,0.00000000,0.00000000,0.00000000,0.00000000,0.00000000,,,,,,,,,,,plant_derived_4a
Phoenix,9,Sep,storage,delta,dispatched,6471.27881601,0.00000000,-595003.80684939,-11100.39996801,0.00000000,0.00000000,-599632.92800139,818913894.198699,1194639.225791,1194639.225791,1194639.225791,1194639.225791,1123115.909594,0,544.811452,640.954650,1194639.225791,plant_derived_4a
Phoenix,9,Sep,mitigated,level,dispatched,58990827.29593848,0.00000000,25421922.72483061,474271.77263899,264.99000000,0.00000000,84887286.78340808,,,,,,,,,,,plant_derived_4a
Phoenix,10,Oct,baseline,level,baseline,57048383.51337832,0.00000000,25489446.06696600,475835.91619800,273.82300000,0.00000000,83013939.31954232,793513102.872752,1198579.134000,1196154.998000,1198579.134000,1196154.998000,1123001.043797,0,,,,plant_derived_4a
Phoenix,10,Oct,measures,delta,baseline,0.00000000,0.00000000,0.00000000,0.00000000,0.00000000,0.00000000,0.00000000,,,,,,,,,,,plant_derived_4a
Phoenix,10,Oct,storage,delta,dispatched,2325.13481596,0.00000000,-463257.86531150,-8946.97277428,0.00000000,0.00000000,-469879.70326982,793559390.606734,1176042.678649,1176042.678649,1176042.678649,1176042.678649,1123115.909594,0,262.297159,308.584893,1176042.678649,plant_derived_4a
Phoenix,10,Oct,mitigated,level,dispatched,57050708.64819428,0.00000000,25026188.20165450,466888.94342372,273.82300000,0.00000000,82544059.61627251,,,,,,,,,,,plant_derived_4a
Phoenix,11,Nov,baseline,level,baseline,51976922.57641209,0.00000000,25023435.76245900,467022.30380300,264.99000000,0.00000000,77467645.63267408,719875896.368751,1176378.599000,1173735.153500,1176378.599000,1173735.153500,1123001.043797,0,,,,plant_derived_4a
Phoenix,11,Nov,measures,delta,baseline,0.00000000,0.00000000,0.00000000,0.00000000,0.00000000,0.00000000,0.00000000,,,,,,,,,,,plant_derived_4a
Phoenix,11,Nov,storage,delta,dispatched,2006.00484710,0.00000000,-425268.07079548,-8118.51745007,0.00000000,0.00000000,-431380.58339844,719933467.511132,1155928.932879,1155928.932879,1155928.932879,1155928.932879,1123115.909594,0,326.236473,383.807616,1155928.932879,plant_derived_4a
Phoenix,11,Nov,mitigated,level,dispatched,51978928.58125919,0.00000000,24598167.69166353,458903.78635293,264.99000000,0.00000000,77036265.04927565,,,,,,,,,,,plant_derived_4a
Phoenix,12,Dec,baseline,level,baseline,55297561.02710578,0.00000000,24834737.36912000,463317.23381300,273.82300000,0.00000000,80595889.45303878,766971415.137000,1167045.929000,1164553.723500,1167045.929000,1164553.723500,1123001.043797,0,,,,plant_derived_4a
Phoenix,12,Dec,measures,delta,baseline,0.00000000,0.00000000,0.00000000,0.00000000,0.00000000,0.00000000,0.00000000,,,,,,,,,,,plant_derived_4a
Phoenix,12,Dec,storage,delta,dispatched,2826.05164354,0.00000000,-485887.14988229,-9064.71797478,0.00000000,0.00000000,-492125.81621353,767034652.467498,1144212.886242,1144212.886242,1144212.886242,1144212.886242,1123115.909594,0,358.344873,421.582203,1144212.886242,plant_derived_4a
Phoenix,12,Dec,mitigated,level,dispatched,55300387.07874932,0.00000000,24348850.21923771,454252.51583822,273.82300000,0.00000000,80103763.63682525,,,,,,,,,,,plant_derived_4a
San Jose / Bay Area,1,Jan,baseline,level,baseline,81831125.06384945,0.00000000,23234553.93015000,0.00000000,10287.85995000,0.00000000,105075966.85394946,738048439.180501,1153274.631000,1147924.859500,1153274.631000,1147924.859500,1101055.185852,0,,,,plant_derived_4a
San Jose / Bay Area,1,Jan,measures,delta,baseline,0.00000000,0.00000000,0.00000000,-516633.90742635,0.00000000,0.00000000,-516633.90742635,,,,,,,,,,,plant_derived_4a
San Jose / Bay Area,1,Jan,storage,delta,dispatched,0.00000000,0.00000000,0.00000000,0.00000000,0.00000000,0.00000000,0.00000000,738048439.180501,1153274.631000,1147924.859500,1153274.631000,1147924.859500,1063538.456586,0,0.000000,0.000000,,plant_derived_4a
San Jose / Bay Area,1,Jan,mitigated,level,dispatched,81831125.06384945,0.00000000,23234553.93015000,-516633.90742635,10287.85995000,0.00000000,104559332.94652310,,,,,,,,,,,plant_derived_4a
San Jose / Bay Area,2,Feb,baseline,level,baseline,73457498.37758140,0.00000000,23306188.05027001,0.00000000,9292.26060000,0.00000000,96772978.68845141,665451230.846501,1158027.426000,1152485.807500,1158027.426000,1152485.807500,1101055.185852,0,,,,plant_derived_4a
San Jose / Bay Area,2,Feb,measures,delta,baseline,0.00000000,0.00000000,0.00000000,-465815.86159255,0.00000000,0.00000000,-465815.86159255,,,,,,,,,,,plant_derived_4a
San Jose / Bay Area,2,Feb,storage,delta,dispatched,0.00000000,0.00000000,0.00000000,0.00000000,0.00000000,0.00000000,0.00000000,665451230.846501,1158027.426000,1152485.807500,1158027.426000,1152485.807500,1063538.456586,0,0.000000,0.000000,,plant_derived_4a
San Jose / Bay Area,2,Feb,mitigated,level,dispatched,73457498.37758140,0.00000000,23306188.05027001,-465815.86159255,9292.26060000,0.00000000,96307162.82685886,,,,,,,,,,,plant_derived_4a
San Jose / Bay Area,3,Mar,baseline,level,baseline,77687773.91100259,0.00000000,23459927.12280000,0.00000000,10287.85995000,0.00000000,101157988.89375260,763995003.891250,1164195.581000,1157596.339000,1164195.581000,1157596.339000,1101055.185852,0,,,,plant_derived_4a
San Jose / Bay Area,3,Mar,measures,delta,baseline,0.00000000,0.00000000,0.00000000,-534796.50272387,0.00000000,0.00000000,-534796.50272387,,,,,,,,,,,plant_derived_4a
San Jose / Bay Area,3,Mar,storage,delta,dispatched,0.00000000,0.00000000,0.00000000,0.00000000,0.00000000,0.00000000,0.00000000,763995003.891250,1164195.581000,1157596.339000,1164195.581000,1157596.339000,1063538.456586,0,0.000000,0.000000,,plant_derived_4a
San Jose / Bay Area,3,Mar,mitigated,level,dispatched,77687773.91100259,0.00000000,23459927.12280000,-534796.50272387,10287.85995000,0.00000000,100623192.39102873,,,,,,,,,,,plant_derived_4a
San Jose / Bay Area,4,Apr,baseline,level,baseline,76014485.70131058,0.00000000,23753652.00768000,0.00000000,9955.99350000,0.00000000,99778093.70249057,752201440.398002,1178256.548000,1173008.567000,1178256.548000,1173008.567000,1101055.185852,0,,,,plant_derived_4a
San Jose / Bay Area,4,Apr,measures,delta,baseline,0.00000000,0.00000000,0.00000000,-526541.00827860,0.00000000,0.00000000,-526541.00827860,,,,,,,,,,,plant_derived_4a
San Jose / Bay Area,4,Apr,storage,delta,dispatched,0.00000000,0.00000000,0.00000000,0.00000000,0.00000000,0.00000000,0.00000000,752201440.398002,1178256.548000,1173008.567000,1178256.548000,1173008.567000,1063538.456586,0,0.000000,0.000000,,plant_derived_4a
San Jose / Bay Area,4,Apr,mitigated,level,dispatched,76014485.70131058,0.00000000,23753652.00768000,-526541.00827860,9955.99350000,0.00000000,99251552.69421196,,,,,,,,,,,plant_derived_4a
San Jose / Bay Area,5,May,baseline,level,baseline,76421956.44238274,0.00000000,23808463.18353000,0.00000000,10287.85995000,0.00000000,100240707.48586275,763543992.308004,1181863.649000,1180456.046000,1181863.649000,1180456.046000,1101055.185852,0,,,,plant_derived_4a
San Jose / Bay Area,5,May,measures,delta,baseline,0.00000000,0.00000000,0.00000000,-534480.79461560,0.00000000,0.00000000,-534480.79461560,,,,,,,,,,,plant_derived_4a
San Jose / Bay Area,5,May,storage,delta,dispatched,0.00000000,0.00000000,0.00000000,0.00000000,0.00000000,0.00000000,0.00000000,763543992.308004,1181863.649000,1180456.046000,1181863.649000,1180456.046000,1063538.456586,0,0.000000,0.000000,,plant_derived_4a
San Jose / Bay Area,5,May,mitigated,level,dispatched,76421956.44238274,0.00000000,23808463.18353000,-534480.79461560,10287.85995000,0.00000000,99706226.69124715,,,,,,,,,,,plant_derived_4a
San Jose / Bay Area,6,Jun,baseline,level,baseline,94629570.39138950,0.00000000,53702234.89110000,0.00000000,9955.99350000,0.00000000,148341761.27598950,786004020.759004,1201595.597000,1197559.424500,1201595.597000,1197559.424500,1101055.185852,0,,,,plant_derived_4a
San Jose / Bay Area,6,Jun,measures,delta,baseline,0.00000000,0.00000000,0.00000000,-550202.81453130,0.00000000,0.00000000,-550202.81453130,,,,,,,,,,,plant_derived_4a
San Jose / Bay Area,6,Jun,storage,delta,dispatched,-164481.30770846,0.00000000,-1965105.06282720,0.00000000,0.00000000,0.00000000,-2129586.37053566,787029209.874964,1201595.597000,1201595.597000,1201595.597000,1201595.597000,1063538.456586,0,5809.404990,6834.594106,1108921.237230,plant_derived_4a
San Jose / Bay Area,6,Jun,mitigated,level,dispatched,94465089.08368105,0.00000000,51737129.82827280,-550202.81453130,9955.99350000,0.00000000,145661972.09092256,,,,,,,,,,,plant_derived_4a
San Jose / Bay Area,7,Jul,baseline,level,baseline,99690653.80023557,0.00000000,53312137.04428001,0.00000000,10287.85995000,0.00000000,153013078.70446557,826699900.699001,1196660.785000,1189872.897000,1196660.785000,1189872.897000,1101055.185852,0,,,,plant_derived_4a
San Jose / Bay Area,7,Jul,measures,delta,baseline,0.00000000,0.00000000,0.00000000,-578689.93048930,0.00000000,0.00000000,-578689.93048930,,,,,,,,,,,plant_derived_4a
San Jose / Bay Area,7,Jul,storage,delta,dispatched,-276202.76935583,0.00000000,-2017686.06393597,0.00000000,0.00000000,0.00000000,-2293888.83329180,828290134.323153,1196660.785000,1196660.785000,1196660.785000,1196660.785000,1063538.456586,0,9120.083577,10729.510091,1096302.511204,plant_derived_4a
San Jose / Bay Area,7,Jul,mitigated,level,dispatched,99414451.03087974,0.00000000,51294450.98034404,-578689.93048930,10287.85995000,0.00000000,150140499.94068450,,,,,,,,,,,plant_derived_4a
San Jose / Bay Area,8,Aug,baseline,level,baseline,97416339.85433665,0.00000000,53218690.24404000,0.00000000,10287.85995000,0.00000000,150645317.95832664,809591233.344248,1190904.622000,1186883.979500,1190904.622000,1186883.979500,1101055.185852,0,,,,plant_derived_4a
San Jose / Bay Area,8,Aug,measures,delta,baseline,0.00000000,0.00000000,0.00000000,-566713.86334097,0.00000000,0.00000000,-566713.86334097,,,,,,,,,,,plant_derived_4a
San Jose / Bay Area,8,Aug,storage,delta,dispatched,-223122.60763153,0.00000000,-2000861.33528878,0.00000000,0.00000000,0.00000000,-2223983.94292031,810971871.369574,1190904.622000,1190904.622000,1190904.622000,1190904.622000,1063538.456586,0,7788.525166,9162.970784,1096161.351605,plant_derived_4a
San Jose / Bay Area,8,Aug,mitigated,level,dispatched,97193217.24670511,0.00000000,51217828.90875122,-566713.86334097,10287.85995000,0.00000000,147854620.15206537,,,,,,,,,,,plant_derived_4a
San Jose / Bay Area,9,Sep,baseline,level,baseline,96167944.96790400,0.00000000,53508015.60072000,0.00000000,9955.99350000,0.00000000,149685916.56212401,799879630.775749,1200752.156000,1195977.428500,1200752.156000,1195977.428500,1101055.185852,0,,,,plant_derived_4a
San Jose / Bay Area,9,Sep,measures,delta,baseline,0.00000000,0.00000000,0.00000000,-559915.74154302,0.00000000,0.00000000,-559915.74154302,,,,,,,,,,,plant_derived_4a
San Jose / Bay Area,9,Sep,storage,delta,dispatched,-216109.86339875,0.00000000,-2121619.72811826,0.00000000,0.00000000,0.00000000,-2337729.59151700,801257403.556723,1200752.156000,1200752.156000,1200752.156000,1200752.156000,1063538.456586,0,7733.709696,9098.481995,1093782.422020,plant_derived_4a
San Jose / Bay Area,9,Sep,mitigated,level,dispatched,95951835.10450526,0.00000000,51386395.87260175,-559915.74154302,9955.99350000,0.00000000,146788271.22906396,,,,,,,,,,,plant_derived_4a
San Jose / Bay Area,10,Oct,baseline,level,baseline,87505796.65230080,0.00000000,24043962.71862000,0.00000000,10287.85995000,0.00000000,111560047.23087081,785650245.668501,1194850.720000,1193290.456500,1194850.720000,1193290.456500,1101055.185852,0,,,,plant_derived_4a
San Jose / Bay Area,10,Oct,measures,delta,baseline,0.00000000,0.00000000,0.00000000,-549955.17196795,0.00000000,0.00000000,-549955.17196795,,,,,,,,,,,plant_derived_4a
San Jose / Bay Area,10,Oct,storage,delta,dispatched,0.00000000,0.00000000,0.00000000,0.00000000,0.00000000,0.00000000,0.00000000,785650245.668501,1194850.720000,1193290.456500,1194850.720000,1193290.456500,1063538.456586,0,0.000000,0.000000,,plant_derived_4a
San Jose / Bay Area,10,Oct,mitigated,level,dispatched,87505796.65230080,0.00000000,24043962.71862000,-549955.17196795,10287.85995000,0.00000000,111010092.05890286,,,,,,,,,,,plant_derived_4a
San Jose / Bay Area,11,Nov,baseline,level,baseline,79847526.80242549,0.00000000,23594168.64402000,0.00000000,9955.99350000,0.00000000,103451651.43994549,717552346.275251,1170966.637000,1169647.460500,1170966.637000,1169647.460500,1101055.185852,0,,,,plant_derived_4a
San Jose / Bay Area,11,Nov,measures,delta,baseline,0.00000000,0.00000000,0.00000000,-502286.64239268,0.00000000,0.00000000,-502286.64239268,,,,,,,,,,,plant_derived_4a
San Jose / Bay Area,11,Nov,storage,delta,dispatched,0.00000000,0.00000000,0.00000000,0.00000000,0.00000000,0.00000000,0.00000000,717552346.275251,1170966.637000,1169647.460500,1170966.637000,1169647.460500,1063538.456586,0,0.000000,0.000000,,plant_derived_4a
San Jose / Bay Area,11,Nov,mitigated,level,dispatched,79847526.80242549,0.00000000,23594168.64402000,-502286.64239268,9955.99350000,0.00000000,102949364.79755281,,,,,,,,,,,plant_derived_4a
San Jose / Bay Area,12,Dec,baseline,level,baseline,85156407.16113554,0.00000000,23424303.00015000,0.00000000,10287.85995000,0.00000000,108590998.02123556,765728709.878752,1162055.984000,1155870.665000,1162055.984000,1155870.665000,1101055.185852,0,,,,plant_derived_4a
San Jose / Bay Area,12,Dec,measures,delta,baseline,0.00000000,0.00000000,0.00000000,-536010.09691513,0.00000000,0.00000000,-536010.09691513,,,,,,,,,,,plant_derived_4a
San Jose / Bay Area,12,Dec,storage,delta,dispatched,0.00000000,0.00000000,0.00000000,0.00000000,0.00000000,0.00000000,0.00000000,765728709.878752,1162055.984000,1155870.665000,1162055.984000,1155870.665000,1063538.456586,0,0.000000,0.000000,,plant_derived_4a
San Jose / Bay Area,12,Dec,mitigated,level,dispatched,85156407.16113554,0.00000000,23424303.00015000,-536010.09691513,10287.85995000,0.00000000,108054987.92432043,,,,,,,,,,,plant_derived_4a
